0.000000e+00,7.916716e-01,7.916716e-01,-2.083284e-01,-2.083284e-01,0.000000e+00,0.000000e+00,7.916716e-01,-2.083284e-01,0.000000e+00,0.000000e+00
1.803607e-01,7.916707e-01,7.916703e-01,-2.083270e-01,-2.083297e-01,4.663819e-07,2.705072e-06,7.916705e-01,-2.083284e-01,4.165645e-07,6.492285e-06
3.607214e-01,7.916681e-01,7.916662e-01,-2.083230e-01,-2.083338e-01,1.865541e-06,1.082041e-05,7.916671e-01,-2.083284e-01,1.666277e-06,2.596893e-05
5.410822e-01,7.916636e-01,7.916594e-01,-2.083162e-01,-2.083406e-01,4.197517e-06,2.434638e-05,7.916615e-01,-2.083284e-01,3.749194e-06,5.842930e-05
7.214429e-01,7.916574e-01,7.916500e-01,-2.083067e-01,-2.083500e-01,7.462375e-06,4.328361e-05,7.916537e-01,-2.083284e-01,6.665410e-06,1.038723e-04
9.018036e-01,7.916495e-01,7.916378e-01,-2.082946e-01,-2.083622e-01,1.166021e-05,6.763293e-05,7.916436e-01,-2.083284e-01,1.041506e-05,1.622966e-04
1.082164e+00,7.916397e-01,7.916229e-01,-2.082797e-01,-2.083771e-01,1.679114e-05,9.739547e-05,7.916313e-01,-2.083284e-01,1.499830e-05,2.337001e-04
1.262525e+00,7.916282e-01,7.916053e-01,-2.082621e-01,-2.083947e-01,2.285531e-05,1.325726e-04,7.916168e-01,-2.083284e-01,2.041536e-05,3.180805e-04
1.442886e+00,7.916149e-01,7.915850e-01,-2.082418e-01,-2.084150e-01,2.985289e-05,1.731658e-04,7.916000e-01,-2.083284e-01,2.666647e-05,4.154352e-04
1.623246e+00,7.915998e-01,7.915620e-01,-2.082188e-01,-2.084380e-01,3.778408e-05,2.191771e-04,7.915809e-01,-2.083284e-01,3.375192e-05,5.257609e-04
1.803607e+00,7.915830e-01,7.915363e-01,-2.081931e-01,-2.084637e-01,4.664911e-05,2.706084e-04,7.915596e-01,-2.083284e-01,4.167203e-05,6.490541e-04
1.983968e+00,7.915643e-01,7.915079e-01,-2.081646e-01,-2.084921e-01,5.644822e-05,3.274622e-04,7.915361e-01,-2.083284e-01,5.042716e-05,7.853107e-04
2.164329e+00,7.915439e-01,7.914768e-01,-2.081335e-01,-2.085232e-01,6.718170e-05,3.897409e-04,7.915103e-01,-2.083284e-01,6.001771e-05,9.345263e-04
2.344689e+00,7.915218e-01,7.914429e-01,-2.080997e-01,-2.085571e-01,7.884985e-05,4.574475e-04,7.914823e-01,-2.083284e-01,7.044410e-05,1.096696e-03
2.525050e+00,7.914978e-01,7.914063e-01,-2.080631e-01,-2.085937e-01,9.145300e-05,5.305850e-04,7.914521e-01,-2.083284e-01,8.170683e-05,1.271815e-03
2.705411e+00,7.914720e-01,7.913671e-01,-2.080238e-01,-2.086329e-01,1.049915e-04,6.091566e-04,7.914196e-01,-2.083284e-01,9.380638e-05,1.459876e-03
2.885772e+00,7.914445e-01,7.913251e-01,-2.079818e-01,-2.086749e-01,1.194657e-04,6.931661e-04,7.913848e-01,-2.083284e-01,1.067433e-04,1.660875e-03
3.066132e+00,7.914152e-01,7.912803e-01,-2.079370e-01,-2.087197e-01,1.348761e-04,7.826172e-04,7.913478e-01,-2.083284e-01,1.205182e-04,1.874805e-03
3.246493e+00,7.913841e-01,7.912329e-01,-2.078896e-01,-2.087671e-01,1.512231e-04,8.775139e-04,7.913085e-01,-2.083283e-01,1.351317e-04,2.101657e-03
3.426854e+00,7.913512e-01,7.911827e-01,-2.078394e-01,-2.088173e-01,1.685072e-04,9.778605e-04,7.912670e-01,-2.083283e-01,1.505845e-04,2.341427e-03
3.607214e+00,7.913166e-01,7.911298e-01,-2.077865e-01,-2.088702e-01,1.867287e-04,1.083662e-03,7.912232e-01,-2.083283e-01,1.668773e-04,2.594104e-03
3.787575e+00,7.912801e-01,7.910742e-01,-2.077308e-01,-2.089258e-01,2.058884e-04,1.194922e-03,7.911772e-01,-2.083283e-01,1.840107e-04,2.859681e-03
3.967936e+00,7.912419e-01,7.910159e-01,-2.076725e-01,-2.089841e-01,2.259866e-04,1.311647e-03,7.911289e-01,-2.083283e-01,2.019856e-04,3.138150e-03
4.148297e+00,7.912018e-01,7.909548e-01,-2.076114e-01,-2.090452e-01,2.470240e-04,1.433842e-03,7.910783e-01,-2.083283e-01,2.208028e-04,3.429502e-03
4.328657e+00,7.911600e-01,7.908910e-01,-2.075475e-01,-2.091090e-01,2.690011e-04,1.561512e-03,7.910255e-01,-2.083283e-01,2.404632e-04,3.733726e-03
4.509018e+00,7.911164e-01,7.908244e-01,-2.074809e-01,-2.091756e-01,2.919187e-04,1.694663e-03,7.909704e-01,-2.083282e-01,2.609676e-04,4.050814e-03
4.689379e+00,7.910709e-01,7.907551e-01,-2.074116e-01,-2.092449e-01,3.157772e-04,1.833301e-03,7.909130e-01,-2.083282e-01,2.823170e-04,4.380754e-03
4.869739e+00,7.910237e-01,7.906831e-01,-2.073395e-01,-2.093169e-01,3.405775e-04,1.977432e-03,7.908534e-01,-2.083282e-01,3.045124e-04,4.723537e-03
5.050100e+00,7.909746e-01,7.906083e-01,-2.072646e-01,-2.093917e-01,3.663202e-04,2.127064e-03,7.907915e-01,-2.083281e-01,3.275547e-04,5.079150e-03
5.230461e+00,7.909238e-01,7.905308e-01,-2.071870e-01,-2.094692e-01,3.930060e-04,2.282202e-03,7.907273e-01,-2.083281e-01,3.514451e-04,5.447583e-03
5.410822e+00,7.908711e-01,7.904505e-01,-2.071066e-01,-2.095495e-01,4.206356e-04,2.442854e-03,7.906608e-01,-2.083281e-01,3.761845e-04,5.828823e-03
5.591182e+00,7.908167e-01,7.903675e-01,-2.070235e-01,-2.096325e-01,4.492100e-04,2.609027e-03,7.905921e-01,-2.083280e-01,4.017742e-04,6.222858e-03
5.771543e+00,7.907604e-01,7.902817e-01,-2.069376e-01,-2.097183e-01,4.787298e-04,2.780729e-03,7.905210e-01,-2.083280e-01,4.282152e-04,6.629676e-03
5.951904e+00,7.907023e-01,7.901931e-01,-2.068489e-01,-2.098069e-01,5.091959e-04,2.957968e-03,7.904477e-01,-2.083279e-01,4.555089e-04,7.049262e-03
6.132265e+00,7.906424e-01,7.901018e-01,-2.067575e-01,-2.098982e-01,5.406092e-04,3.140751e-03,7.903721e-01,-2.083278e-01,4.836564e-04,7.481604e-03
6.312625e+00,7.905806e-01,7.900077e-01,-2.066632e-01,-2.099923e-01,5.729705e-04,3.329087e-03,7.902942e-01,-2.083278e-01,5.126590e-04,7.926687e-03
6.492986e+00,7.905171e-01,7.899108e-01,-2.065662e-01,-2.100892e-01,6.062808e-04,3.522985e-03,7.902139e-01,-2.083277e-01,5.425181e-04,8.384498e-03
6.673347e+00,7.904517e-01,7.898111e-01,-2.064664e-01,-2.101889e-01,6.405409e-04,3.722453e-03,7.901314e-01,-2.083276e-01,5.732350e-04,8.855020e-03
6.853707e+00,7.903845e-01,7.897087e-01,-2.063638e-01,-2.102913e-01,6.757520e-04,3.927501e-03,7.900466e-01,-2.083275e-01,6.048111e-04,9.338239e-03
7.034068e+00,7.903154e-01,7.896035e-01,-2.062584e-01,-2.103965e-01,7.119148e-04,4.138138e-03,7.899594e-01,-2.083275e-01,6.372478e-04,9.834140e-03
7.214429e+00,7.902445e-01,7.894955e-01,-2.061502e-01,-2.105045e-01,7.490305e-04,4.354373e-03,7.898700e-01,-2.083274e-01,6.705468e-04,1.034271e-02
7.394790e+00,7.901717e-01,7.893846e-01,-2.060391e-01,-2.106154e-01,7.871002e-04,4.576217e-03,7.897782e-01,-2.083272e-01,7.047093e-04,1.086392e-02
7.575150e+00,7.900972e-01,7.892710e-01,-2.059253e-01,-2.107290e-01,8.261248e-04,4.803679e-03,7.896841e-01,-2.083271e-01,7.397371e-04,1.139777e-02
7.755511e+00,7.900207e-01,7.891546e-01,-2.058086e-01,-2.108454e-01,8.661054e-04,5.036770e-03,7.895877e-01,-2.083270e-01,7.756318e-04,1.194423e-02
7.935872e+00,7.899424e-01,7.890354e-01,-2.056891e-01,-2.109646e-01,9.070433e-04,5.275501e-03,7.894889e-01,-2.083269e-01,8.123949e-04,1.250328e-02
8.116232e+00,7.898623e-01,7.889133e-01,-2.055668e-01,-2.110867e-01,9.489394e-04,5.519883e-03,7.893878e-01,-2.083267e-01,8.500282e-04,1.307492e-02
8.296593e+00,7.897803e-01,7.887885e-01,-2.054416e-01,-2.112115e-01,9.917951e-04,5.769926e-03,7.892844e-01,-2.083266e-01,8.885333e-04,1.365912e-02
8.476954e+00,7.896964e-01,7.886608e-01,-2.053136e-01,-2.113392e-01,1.035611e-03,6.025643e-03,7.891786e-01,-2.083264e-01,9.279121e-04,1.425585e-02
8.657315e+00,7.896106e-01,7.885302e-01,-2.051827e-01,-2.114698e-01,1.080390e-03,6.287044e-03,7.890704e-01,-2.083262e-01,9.681664e-04,1.486511e-02
8.837675e+00,7.895230e-01,7.883969e-01,-2.050490e-01,-2.116031e-01,1.126131e-03,6.554143e-03,7.889599e-01,-2.083260e-01,1.009298e-03,1.548688e-02
9.018036e+00,7.894335e-01,7.882607e-01,-2.049124e-01,-2.117393e-01,1.172837e-03,6.826951e-03,7.888471e-01,-2.083258e-01,1.051309e-03,1.612112e-02
9.198397e+00,7.893421e-01,7.881216e-01,-2.047729e-01,-2.118784e-01,1.220509e-03,7.105480e-03,7.887319e-01,-2.083256e-01,1.094201e-03,1.676783e-02
9.378758e+00,7.892489e-01,7.879797e-01,-2.046305e-01,-2.120203e-01,1.269148e-03,7.389744e-03,7.886143e-01,-2.083254e-01,1.137976e-03,1.742697e-02
9.559118e+00,7.891537e-01,7.878349e-01,-2.044853e-01,-2.121651e-01,1.318755e-03,7.679756e-03,7.884943e-01,-2.083252e-01,1.182636e-03,1.809854e-02
9.739479e+00,7.890566e-01,7.876873e-01,-2.043372e-01,-2.123127e-01,1.369332e-03,7.975529e-03,7.883720e-01,-2.083249e-01,1.228183e-03,1.878251e-02
9.919840e+00,7.889577e-01,7.875368e-01,-2.041861e-01,-2.124632e-01,1.420880e-03,8.277077e-03,7.882472e-01,-2.083247e-01,1.274619e-03,1.947885e-02
1.010020e+01,7.888568e-01,7.873834e-01,-2.040322e-01,-2.126166e-01,1.473401e-03,8.584413e-03,7.881201e-01,-2.083244e-01,1.321947e-03,2.018754e-02
1.028056e+01,7.887540e-01,7.872271e-01,-2.038753e-01,-2.127729e-01,1.526896e-03,8.897551e-03,7.879906e-01,-2.083241e-01,1.370169e-03,2.090857e-02
1.046092e+01,7.886494e-01,7.870680e-01,-2.037155e-01,-2.129320e-01,1.581367e-03,9.216507e-03,7.878587e-01,-2.083238e-01,1.419286e-03,2.164190e-02
1.064128e+01,7.885427e-01,7.869059e-01,-2.035528e-01,-2.130941e-01,1.636815e-03,9.541295e-03,7.877243e-01,-2.083234e-01,1.469302e-03,2.238752e-02
1.082164e+01,7.884342e-01,7.867410e-01,-2.033871e-01,-2.132590e-01,1.693241e-03,9.871929e-03,7.875876e-01,-2.083231e-01,1.520217e-03,2.314539e-02
1.100200e+01,7.883237e-01,7.865731e-01,-2.032185e-01,-2.134269e-01,1.750648e-03,1.020843e-02,7.874484e-01,-2.083227e-01,1.572036e-03,2.391551e-02
1.118236e+01,7.882113e-01,7.864023e-01,-2.030469e-01,-2.135977e-01,1.809036e-03,1.055080e-02,7.873068e-01,-2.083223e-01,1.624760e-03,2.469783e-02
1.136273e+01,7.880970e-01,7.862285e-01,-2.028724e-01,-2.137715e-01,1.868408e-03,1.089907e-02,7.871628e-01,-2.083219e-01,1.678391e-03,2.549234e-02
1.154309e+01,7.879807e-01,7.860519e-01,-2.026949e-01,-2.139481e-01,1.928765e-03,1.125325e-02,7.870163e-01,-2.083215e-01,1.732932e-03,2.629901e-02
1.172345e+01,7.878624e-01,7.858723e-01,-2.025144e-01,-2.141277e-01,1.990108e-03,1.161335e-02,7.868673e-01,-2.083210e-01,1.788386e-03,2.711781e-02
1.190381e+01,7.877422e-01,7.856897e-01,-2.023309e-01,-2.143103e-01,2.052440e-03,1.197940e-02,7.867160e-01,-2.083206e-01,1.844755e-03,2.794872e-02
1.208417e+01,7.876200e-01,7.855042e-01,-2.021444e-01,-2.144958e-01,2.115762e-03,1.235140e-02,7.865621e-01,-2.083201e-01,1.902042e-03,2.879171e-02
1.226453e+01,7.874958e-01,7.853157e-01,-2.019549e-01,-2.146843e-01,2.180076e-03,1.272939e-02,7.864058e-01,-2.083196e-01,1.960249e-03,2.964676e-02
1.244489e+01,7.873697e-01,7.851243e-01,-2.017623e-01,-2.148757e-01,2.245384e-03,1.311336e-02,7.862470e-01,-2.083190e-01,2.019379e-03,3.051383e-02
1.262525e+01,7.872416e-01,7.849299e-01,-2.015668e-01,-2.150701e-01,2.311687e-03,1.350335e-02,7.860857e-01,-2.083185e-01,2.079436e-03,3.139291e-02
1.280561e+01,7.871114e-01,7.847324e-01,-2.013682e-01,-2.152676e-01,2.378987e-03,1.389937e-02,7.859219e-01,-2.083179e-01,2.140421e-03,3.228395e-02
1.298597e+01,7.869793e-01,7.845320e-01,-2.011665e-01,-2.154680e-01,2.447286e-03,1.430144e-02,7.857557e-01,-2.083172e-01,2.202337e-03,3.318694e-02
1.316633e+01,7.868452e-01,7.843286e-01,-2.009618e-01,-2.156714e-01,2.516586e-03,1.470958e-02,7.855869e-01,-2.083166e-01,2.265188e-03,3.410183e-02
1.334669e+01,7.867091e-01,7.841222e-01,-2.007540e-01,-2.158778e-01,2.586889e-03,1.512380e-02,7.854156e-01,-2.083159e-01,2.328976e-03,3.502862e-02
1.352705e+01,7.865709e-01,7.839127e-01,-2.005432e-01,-2.160873e-01,2.658197e-03,1.554414e-02,7.852418e-01,-2.083152e-01,2.393705e-03,3.596726e-02
1.370741e+01,7.864307e-01,7.837002e-01,-2.003292e-01,-2.162998e-01,2.730511e-03,1.597059e-02,7.850655e-01,-2.083145e-01,2.459377e-03,3.691772e-02
1.388778e+01,7.862885e-01,7.834847e-01,-2.001121e-01,-2.165153e-01,2.803834e-03,1.640319e-02,7.848866e-01,-2.083137e-01,2.525995e-03,3.787998e-02
1.406814e+01,7.861442e-01,7.832661e-01,-1.998920e-01,-2.167339e-01,2.878168e-03,1.684196e-02,7.847052e-01,-2.083129e-01,2.593563e-03,3.885400e-02
1.424850e+01,7.859979e-01,7.830444e-01,-1.996687e-01,-2.169556e-01,2.953514e-03,1.728691e-02,7.845212e-01,-2.083121e-01,2.662083e-03,3.983976e-02
1.442886e+01,7.858496e-01,7.828197e-01,-1.994422e-01,-2.171803e-01,3.029875e-03,1.773808e-02,7.843346e-01,-2.083113e-01,2.731560e-03,4.083721e-02
1.460922e+01,7.856992e-01,7.825919e-01,-1.992126e-01,-2.174081e-01,3.107252e-03,1.819547e-02,7.841455e-01,-2.083104e-01,2.801995e-03,4.184634e-02
1.478958e+01,7.855467e-01,7.823610e-01,-1.989799e-01,-2.176390e-01,3.185649e-03,1.865911e-02,7.839538e-01,-2.083094e-01,2.873394e-03,4.286710e-02
1.496994e+01,7.853921e-01,7.821270e-01,-1.987440e-01,-2.178730e-01,3.265066e-03,1.912902e-02,7.837596e-01,-2.083085e-01,2.945757e-03,4.389947e-02
1.515030e+01,7.852354e-01,7.818899e-01,-1.985048e-01,-2.181101e-01,3.345507e-03,1.960522e-02,7.835627e-01,-2.083075e-01,3.019091e-03,4.494341e-02
1.533066e+01,7.850767e-01,7.816497e-01,-1.982625e-01,-2.183503e-01,3.426973e-03,2.008774e-02,7.833632e-01,-2.083064e-01,3.093396e-03,4.599889e-02
1.551102e+01,7.849158e-01,7.814064e-01,-1.980170e-01,-2.185936e-01,3.509466e-03,2.057660e-02,7.831611e-01,-2.083053e-01,3.168678e-03,4.706588e-02
1.569138e+01,7.847529e-01,7.811599e-01,-1.977683e-01,-2.188401e-01,3.592989e-03,2.107183e-02,7.829564e-01,-2.083042e-01,3.244940e-03,4.814434e-02
1.587174e+01,7.845878e-01,7.809102e-01,-1.975163e-01,-2.190898e-01,3.677543e-03,2.157343e-02,7.827490e-01,-2.083030e-01,3.322185e-03,4.923423e-02
1.605210e+01,7.844206e-01,7.806574e-01,-1.972611e-01,-2.193426e-01,3.763132e-03,2.208145e-02,7.825390e-01,-2.083018e-01,3.400417e-03,5.033553e-02
1.623246e+01,7.842512e-01,7.804015e-01,-1.970026e-01,-2.195985e-01,3.849757e-03,2.259590e-02,7.823263e-01,-2.083006e-01,3.479640e-03,5.144820e-02
1.641283e+01,7.840797e-01,7.801423e-01,-1.967409e-01,-2.198577e-01,3.937421e-03,2.311681e-02,7.821110e-01,-2.082993e-01,3.559857e-03,5.257220e-02
1.659319e+01,7.839061e-01,7.798800e-01,-1.964759e-01,-2.201200e-01,4.026126e-03,2.364419e-02,7.818930e-01,-2.082979e-01,3.641073e-03,5.370750e-02
1.677355e+01,7.837303e-01,7.796144e-01,-1.962075e-01,-2.203856e-01,4.115874e-03,2.417809e-02,7.816723e-01,-2.082966e-01,3.723290e-03,5.485406e-02
1.695391e+01,7.835523e-01,7.793456e-01,-1.959359e-01,-2.206544e-01,4.206668e-03,2.471852e-02,7.814490e-01,-2.082951e-01,3.806514e-03,5.601184e-02
1.713427e+01,7.833721e-01,7.790736e-01,-1.956609e-01,-2.209264e-01,4.298511e-03,2.526550e-02,7.812229e-01,-2.082936e-01,3.890747e-03,5.718082e-02
1.731463e+01,7.831898e-01,7.787984e-01,-1.953826e-01,-2.212016e-01,4.391404e-03,2.581907e-02,7.809941e-01,-2.082921e-01,3.975994e-03,5.836095e-02
1.749499e+01,7.830052e-01,7.785199e-01,-1.951009e-01,-2.214801e-01,4.485349e-03,2.637925e-02,7.807625e-01,-2.082905e-01,4.062260e-03,5.955219e-02
1.767535e+01,7.828185e-01,7.782381e-01,-1.948158e-01,-2.217619e-01,4.580351e-03,2.694607e-02,7.805283e-01,-2.082889e-01,4.149547e-03,6.075451e-02
1.785571e+01,7.826295e-01,7.779531e-01,-1.945274e-01,-2.220469e-01,4.676410e-03,2.751955e-02,7.802913e-01,-2.082872e-01,4.237861e-03,6.196787e-02
1.803607e+01,7.824383e-01,7.776647e-01,-1.942355e-01,-2.223353e-01,4.773530e-03,2.809972e-02,7.800515e-01,-2.082854e-01,4.327205e-03,6.319223e-02
1.821643e+01,7.822448e-01,7.773731e-01,-1.939403e-01,-2.226269e-01,4.871713e-03,2.868661e-02,7.798090e-01,-2.082836e-01,4.417584e-03,6.442756e-02
1.839679e+01,7.820491e-01,7.770782e-01,-1.936416e-01,-2.229218e-01,4.970961e-03,2.928025e-02,7.795636e-01,-2.082817e-01,4.509002e-03,6.567381e-02
1.857715e+01,7.818512e-01,7.767799e-01,-1.933394e-01,-2.232201e-01,5.071278e-03,2.988067e-02,7.793155e-01,-2.082798e-01,4.601464e-03,6.693095e-02
1.875752e+01,7.816509e-01,7.764783e-01,-1.930338e-01,-2.235217e-01,5.172665e-03,3.048789e-02,7.790646e-01,-2.082778e-01,4.694973e-03,6.819893e-02
1.893788e+01,7.814484e-01,7.761733e-01,-1.927248e-01,-2.238267e-01,5.275126e-03,3.110194e-02,7.788109e-01,-2.082757e-01,4.789535e-03,6.947772e-02
1.911824e+01,7.812436e-01,7.758650e-01,-1.924122e-01,-2.241350e-01,5.378663e-03,3.172285e-02,7.785543e-01,-2.082736e-01,4.885153e-03,7.076728e-02
1.929860e+01,7.810365e-01,7.755533e-01,-1.920961e-01,-2.244467e-01,5.483279e-03,3.235066e-02,7.782949e-01,-2.082714e-01,4.981834e-03,7.206756e-02
1.947896e+01,7.808271e-01,7.752382e-01,-1.917765e-01,-2.247618e-01,5.588976e-03,3.298539e-02,7.780326e-01,-2.082691e-01,5.079580e-03,7.337853e-02
1.965932e+01,7.806154e-01,7.749196e-01,-1.914533e-01,-2.250804e-01,5.695757e-03,3.362707e-02,7.777675e-01,-2.082668e-01,5.178397e-03,7.470015e-02
1.983968e+01,7.804013e-01,7.745977e-01,-1.911266e-01,-2.254023e-01,5.803625e-03,3.427574e-02,7.774995e-01,-2.082644e-01,5.278290e-03,7.603237e-02
2.002004e+01,7.801849e-01,7.742723e-01,-1.907962e-01,-2.257277e-01,5.912582e-03,3.493142e-02,7.772286e-01,-2.082620e-01,5.379264e-03,7.737515e-02
2.020040e+01,7.799661e-01,7.739435e-01,-1.904623e-01,-2.260565e-01,6.022632e-03,3.559416e-02,7.769548e-01,-2.082594e-01,5.481322e-03,7.872845e-02
2.038076e+01,7.797450e-01,7.736112e-01,-1.901248e-01,-2.263888e-01,6.133777e-03,3.626397e-02,7.766781e-01,-2.082568e-01,5.584472e-03,8.009224e-02
2.056112e+01,7.795215e-01,7.732755e-01,-1.897836e-01,-2.267245e-01,6.246020e-03,3.694089e-02,7.763985e-01,-2.082541e-01,5.688716e-03,8.146646e-02
2.074148e+01,7.792956e-01,7.729362e-01,-1.894388e-01,-2.270638e-01,6.359364e-03,3.762496e-02,7.761159e-01,-2.082513e-01,5.794061e-03,8.285107e-02
2.092184e+01,7.790673e-01,7.725934e-01,-1.890904e-01,-2.274066e-01,6.473811e-03,3.831620e-02,7.758304e-01,-2.082485e-01,5.900511e-03,8.424603e-02
2.110220e+01,7.788365e-01,7.722472e-01,-1.887382e-01,-2.277528e-01,6.589365e-03,3.901466e-02,7.755418e-01,-2.082455e-01,6.008072e-03,8.565131e-02
2.128257e+01,7.786034e-01,7.718973e-01,-1.883823e-01,-2.281027e-01,6.706029e-03,3.972036e-02,7.752503e-01,-2.082425e-01,6.116748e-03,8.706684e-02
2.146293e+01,7.783678e-01,7.715440e-01,-1.880227e-01,-2.284560e-01,6.823804e-03,4.043334e-02,7.749559e-01,-2.082394e-01,6.226546e-03,8.849260e-02
2.164329e+01,7.781297e-01,7.711870e-01,-1.876594e-01,-2.288130e-01,6.942695e-03,4.115364e-02,7.746584e-01,-2.082362e-01,6.337471e-03,8.992854e-02
2.182365e+01,7.778892e-01,7.708265e-01,-1.872922e-01,-2.291735e-01,7.062704e-03,4.188128e-02,7.743578e-01,-2.082329e-01,6.449527e-03,9.137461e-02
2.200401e+01,7.776462e-01,7.704623e-01,-1.869214e-01,-2.295377e-01,7.183835e-03,4.261631e-02,7.740543e-01,-2.082295e-01,6.562721e-03,9.283076e-02
2.218437e+01,7.774007e-01,7.700946e-01,-1.865466e-01,-2.299054e-01,7.306089e-03,4.335877e-02,7.737476e-01,-2.082260e-01,6.677058e-03,9.429697e-02
2.236473e+01,7.771527e-01,7.697232e-01,-1.861681e-01,-2.302768e-01,7.429471e-03,4.410868e-02,7.734379e-01,-2.082225e-01,6.792544e-03,9.577317e-02
2.254509e+01,7.769021e-01,7.693482e-01,-1.857858e-01,-2.306518e-01,7.553982e-03,4.486608e-02,7.731252e-01,-2.082188e-01,6.909183e-03,9.725932e-02
2.272545e+01,7.766491e-01,7.689695e-01,-1.853995e-01,-2.310305e-01,7.679627e-03,4.563102e-02,7.728093e-01,-2.082150e-01,7.026983e-03,9.875538e-02
2.290581e+01,7.763935e-01,7.685871e-01,-1.850094e-01,-2.314129e-01,7.806409e-03,4.640352e-02,7.724903e-01,-2.082112e-01,7.145949e-03,1.002613e-01
2.308617e+01,7.761353e-01,7.682010e-01,-1.846154e-01,-2.317990e-01,7.934329e-03,4.718364e-02,7.721682e-01,-2.082072e-01,7.266086e-03,1.017770e-01
2.326653e+01,7.758746e-01,7.678112e-01,-1.842174e-01,-2.321888e-01,8.063392e-03,4.797139e-02,7.718429e-01,-2.082031e-01,7.387401e-03,1.033026e-01
2.344689e+01,7.756113e-01,7.674177e-01,-1.838155e-01,-2.325823e-01,8.193601e-03,4.876684e-02,7.715145e-01,-2.081989e-01,7.509899e-03,1.048378e-01
2.362725e+01,7.753453e-01,7.670204e-01,-1.834096e-01,-2.329796e-01,8.324958e-03,4.957000e-02,7.711829e-01,-2.081946e-01,7.633587e-03,1.063827e-01
2.380762e+01,7.750768e-01,7.666193e-01,-1.829997e-01,-2.333807e-01,8.457467e-03,5.038093e-02,7.708481e-01,-2.081902e-01,7.758471e-03,1.079372e-01
2.398798e+01,7.748056e-01,7.662145e-01,-1.825858e-01,-2.337855e-01,8.591131e-03,5.119967e-02,7.705101e-01,-2.081857e-01,7.884557e-03,1.095014e-01
2.416834e+01,7.745318e-01,7.658059e-01,-1.821679e-01,-2.341941e-01,8.725953e-03,5.202625e-02,7.701688e-01,-2.081810e-01,8.011851e-03,1.110750e-01
2.434870e+01,7.742553e-01,7.653934e-01,-1.817459e-01,-2.346066e-01,8.861937e-03,5.286071e-02,7.698244e-01,-2.081763e-01,8.140359e-03,1.126582e-01
2.452906e+01,7.739762e-01,7.649771e-01,-1.813198e-01,-2.350229e-01,8.999085e-03,5.370310e-02,7.694766e-01,-2.081714e-01,8.270089e-03,1.142508e-01
2.470942e+01,7.736943e-01,7.645569e-01,-1.808896e-01,-2.354431e-01,9.137400e-03,5.455346e-02,7.691256e-01,-2.081664e-01,8.401046e-03,1.158528e-01
2.488978e+01,7.734098e-01,7.641329e-01,-1.804553e-01,-2.358671e-01,9.276887e-03,5.541183e-02,7.687713e-01,-2.081612e-01,8.533237e-03,1.174641e-01
2.507014e+01,7.731225e-01,7.637049e-01,-1.800168e-01,-2.362951e-01,9.417547e-03,5.627826e-02,7.684137e-01,-2.081560e-01,8.666668e-03,1.190847e-01
2.525050e+01,7.728324e-01,7.632731e-01,-1.795742e-01,-2.367269e-01,9.559385e-03,5.715278e-02,7.680528e-01,-2.081506e-01,8.801347e-03,1.207146e-01
2.543086e+01,7.725397e-01,7.628373e-01,-1.791273e-01,-2.371627e-01,9.702404e-03,5.803544e-02,7.676885e-01,-2.081450e-01,8.937280e-03,1.223536e-01
2.561122e+01,7.722441e-01,7.623975e-01,-1.786762e-01,-2.376025e-01,9.846607e-03,5.892629e-02,7.673208e-01,-2.081393e-01,9.074473e-03,1.240018e-01
2.579158e+01,7.719458e-01,7.619538e-01,-1.782208e-01,-2.380462e-01,9.991997e-03,5.982537e-02,7.669498e-01,-2.081335e-01,9.212935e-03,1.256591e-01
2.597194e+01,7.716446e-01,7.615061e-01,-1.777612e-01,-2.384939e-01,1.013858e-02,6.073272e-02,7.665754e-01,-2.081276e-01,9.352671e-03,1.273255e-01
2.615230e+01,7.713407e-01,7.610543e-01,-1.772973e-01,-2.389457e-01,1.028635e-02,6.164840e-02,7.661975e-01,-2.081215e-01,9.493688e-03,1.290009e-01
2.633267e+01,7.710339e-01,7.605986e-01,-1.768290e-01,-2.394014e-01,1.043532e-02,6.257244e-02,7.658162e-01,-2.081152e-01,9.635995e-03,1.306852e-01
2.651303e+01,7.707242e-01,7.601387e-01,-1.763564e-01,-2.398613e-01,1.058549e-02,6.350490e-02,7.654315e-01,-2.081088e-01,9.779598e-03,1.323784e-01
2.669339e+01,7.704117e-01,7.596748e-01,-1.758794e-01,-2.403252e-01,1.073687e-02,6.444581e-02,7.650433e-01,-2.081023e-01,9.924503e-03,1.340804e-01
2.687375e+01,7.700963e-01,7.592068e-01,-1.753979e-01,-2.407932e-01,1.088945e-02,6.539524e-02,7.646515e-01,-2.080956e-01,1.007072e-02,1.357913e-01
2.705411e+01,7.697779e-01,7.587347e-01,-1.749121e-01,-2.412653e-01,1.104325e-02,6.635322e-02,7.642563e-01,-2.080887e-01,1.021825e-02,1.375109e-01
2.723447e+01,7.694567e-01,7.582584e-01,-1.744218e-01,-2.417416e-01,1.119825e-02,6.731980e-02,7.638576e-01,-2.080817e-01,1.036711e-02,1.392392e-01
2.741483e+01,7.691325e-01,7.577780e-01,-1.739269e-01,-2.422220e-01,1.135448e-02,6.829504e-02,7.634553e-01,-2.080745e-01,1.051731e-02,1.409762e-01
2.759519e+01,7.688053e-01,7.572934e-01,-1.734276e-01,-2.427066e-01,1.151192e-02,6.927899e-02,7.630494e-01,-2.080671e-01,1.066884e-02,1.427217e-01
2.777555e+01,7.684752e-01,7.568046e-01,-1.729237e-01,-2.431954e-01,1.167059e-02,7.027169e-02,7.626399e-01,-2.080595e-01,1.082172e-02,1.444758e-01
2.795591e+01,7.681421e-01,7.563116e-01,-1.724152e-01,-2.436884e-01,1.183049e-02,7.127319e-02,7.622268e-01,-2.080518e-01,1.097596e-02,1.462384e-01
2.813627e+01,7.678059e-01,7.558143e-01,-1.719022e-01,-2.441857e-01,1.199162e-02,7.228355e-02,7.618101e-01,-2.080439e-01,1.113157e-02,1.480094e-01
2.831663e+01,7.674667e-01,7.553127e-01,-1.713844e-01,-2.446873e-01,1.215398e-02,7.330281e-02,7.613897e-01,-2.080359e-01,1.128854e-02,1.497888e-01
2.849699e+01,7.671245e-01,7.548069e-01,-1.708621e-01,-2.451931e-01,1.231758e-02,7.433104e-02,7.609657e-01,-2.080276e-01,1.144690e-02,1.515765e-01
2.867735e+01,7.667791e-01,7.542967e-01,-1.703350e-01,-2.457033e-01,1.248241e-02,7.536828e-02,7.605379e-01,-2.080191e-01,1.160664e-02,1.533725e-01
2.885772e+01,7.664307e-01,7.537822e-01,-1.698032e-01,-2.462178e-01,1.264850e-02,7.641458e-02,7.601065e-01,-2.080105e-01,1.176778e-02,1.551768e-01
2.903808e+01,7.660792e-01,7.532633e-01,-1.692667e-01,-2.467367e-01,1.281583e-02,7.747000e-02,7.596713e-01,-2.080017e-01,1.193033e-02,1.569892e-01
2.921844e+01,7.657245e-01,7.527401e-01,-1.687253e-01,-2.472599e-01,1.298441e-02,7.853460e-02,7.592323e-01,-2.079926e-01,1.209429e-02,1.588098e-01
2.939880e+01,7.653667e-01,7.522124e-01,-1.681792e-01,-2.477876e-01,1.315425e-02,7.960842e-02,7.587895e-01,-2.079834e-01,1.225967e-02,1.606384e-01
2.957916e+01,7.650057e-01,7.516803e-01,-1.676281e-01,-2.483197e-01,1.332535e-02,8.069153e-02,7.583430e-01,-2.079739e-01,1.242648e-02,1.624751e-01
2.975952e+01,7.646415e-01,7.511438e-01,-1.670723e-01,-2.488562e-01,1.349770e-02,8.178398e-02,7.578926e-01,-2.079643e-01,1.259473e-02,1.643197e-01
2.993988e+01,7.642740e-01,7.506027e-01,-1.665115e-01,-2.493973e-01,1.367133e-02,8.288583e-02,7.574384e-01,-2.079544e-01,1.276443e-02,1.661723e-01
3.012024e+01,7.639034e-01,7.500572e-01,-1.659457e-01,-2.499428e-01,1.384622e-02,8.399713e-02,7.569803e-01,-2.079443e-01,1.293558e-02,1.680327e-01
3.030060e+01,7.635294e-01,7.495071e-01,-1.653750e-01,-2.504929e-01,1.402238e-02,8.511794e-02,7.565183e-01,-2.079340e-01,1.310820e-02,1.699009e-01
3.048096e+01,7.631522e-01,7.489524e-01,-1.647993e-01,-2.510476e-01,1.419981e-02,8.624833e-02,7.560523e-01,-2.079234e-01,1.328230e-02,1.717769e-01
3.066132e+01,7.627717e-01,7.483932e-01,-1.642185e-01,-2.516068e-01,1.437853e-02,8.738834e-02,7.555825e-01,-2.079126e-01,1.345788e-02,1.736605e-01
3.084168e+01,7.623879e-01,7.478293e-01,-1.636326e-01,-2.521707e-01,1.455852e-02,8.853804e-02,7.551086e-01,-2.079016e-01,1.363495e-02,1.755518e-01
3.102204e+01,7.620007e-01,7.472609e-01,-1.630416e-01,-2.527391e-01,1.473981e-02,8.969749e-02,7.546308e-01,-2.078904e-01,1.381352e-02,1.774507e-01
3.120240e+01,7.616101e-01,7.466877e-01,-1.624455e-01,-2.533123e-01,1.492238e-02,9.086675e-02,7.541489e-01,-2.078789e-01,1.399361e-02,1.793572e-01
3.138277e+01,7.612161e-01,7.461099e-01,-1.618442e-01,-2.538901e-01,1.510624e-02,9.204588e-02,7.536630e-01,-2.078671e-01,1.417521e-02,1.812711e-01
3.156313e+01,7.608188e-01,7.455274e-01,-1.612377e-01,-2.544726e-01,1.529140e-02,9.323494e-02,7.531731e-01,-2.078552e-01,1.435835e-02,1.831925e-01
3.174349e+01,7.604179e-01,7.449401e-01,-1.606259e-01,-2.550599e-01,1.547785e-02,9.443400e-02,7.526790e-01,-2.078429e-01,1.454302e-02,1.851212e-01
3.192385e+01,7.600137e-01,7.443480e-01,-1.600088e-01,-2.556520e-01,1.566561e-02,9.564312e-02,7.521808e-01,-2.078304e-01,1.472925e-02,1.870573e-01
3.210421e+01,7.596059e-01,7.437512e-01,-1.593864e-01,-2.562488e-01,1.585467e-02,9.686236e-02,7.516785e-01,-2.078176e-01,1.491704e-02,1.890006e-01
3.228457e+01,7.591946e-01,7.431495e-01,-1.587587e-01,-2.568505e-01,1.604504e-02,9.809179e-02,7.511721e-01,-2.078046e-01,1.510639e-02,1.909512e-01
3.246493e+01,7.587797e-01,7.425430e-01,-1.581255e-01,-2.574570e-01,1.623673e-02,9.933146e-02,7.506614e-01,-2.077913e-01,1.529733e-02,1.929089e-01
3.264529e+01,7.583613e-01,7.419316e-01,-1.574869e-01,-2.580684e-01,1.642973e-02,1.005815e-01,7.501465e-01,-2.077777e-01,1.548986e-02,1.948737e-01
3.282565e+01,7.579394e-01,7.413153e-01,-1.568428e-01,-2.586847e-01,1.662404e-02,1.018418e-01,7.496273e-01,-2.077638e-01,1.568398e-02,1.968455e-01
3.300601e+01,7.575138e-01,7.406941e-01,-1.561933e-01,-2.593059e-01,1.681968e-02,1.031127e-01,7.491039e-01,-2.077496e-01,1.587972e-02,1.988244e-01
3.318637e+01,7.570845e-01,7.400679e-01,-1.555381e-01,-2.599321e-01,1.701664e-02,1.043940e-01,7.485762e-01,-2.077351e-01,1.607708e-02,2.008102e-01
3.336673e+01,7.566516e-01,7.394367e-01,-1.548774e-01,-2.605633e-01,1.721494e-02,1.056860e-01,7.480441e-01,-2.077203e-01,1.627607e-02,2.028028e-01
3.354709e+01,7.562150e-01,7.388005e-01,-1.542110e-01,-2.611995e-01,1.741456e-02,1.069886e-01,7.475077e-01,-2.077053e-01,1.647670e-02,2.048023e-01
3.372745e+01,7.557747e-01,7.381592e-01,-1.535389e-01,-2.618408e-01,1.761552e-02,1.083019e-01,7.469670e-01,-2.076899e-01,1.667898e-02,2.068086e-01
3.390782e+01,7.553307e-01,7.375128e-01,-1.528612e-01,-2.624872e-01,1.781781e-02,1.096260e-01,7.464217e-01,-2.076742e-01,1.688293e-02,2.088216e-01
3.408818e+01,7.548828e-01,7.368614e-01,-1.521777e-01,-2.631386e-01,1.802144e-02,1.109610e-01,7.458721e-01,-2.076581e-01,1.708855e-02,2.108413e-01
3.426854e+01,7.544312e-01,7.362048e-01,-1.514883e-01,-2.637952e-01,1.822642e-02,1.123069e-01,7.453180e-01,-2.076418e-01,1.729586e-02,2.128676e-01
3.444890e+01,7.539757e-01,7.355430e-01,-1.507932e-01,-2.644570e-01,1.843275e-02,1.136638e-01,7.447594e-01,-2.076251e-01,1.750487e-02,2.149004e-01
3.462926e+01,7.535164e-01,7.348760e-01,-1.500921e-01,-2.651240e-01,1.864043e-02,1.150318e-01,7.441962e-01,-2.076081e-01,1.771559e-02,2.169397e-01
3.480962e+01,7.530533e-01,7.342038e-01,-1.493852e-01,-2.657962e-01,1.884945e-02,1.164110e-01,7.436285e-01,-2.075907e-01,1.792802e-02,2.189855e-01
3.498998e+01,7.525862e-01,7.335263e-01,-1.486723e-01,-2.664737e-01,1.905984e-02,1.178014e-01,7.430562e-01,-2.075730e-01,1.814219e-02,2.210376e-01
3.517034e+01,7.521151e-01,7.328435e-01,-1.479533e-01,-2.671565e-01,1.927158e-02,1.192031e-01,7.424793e-01,-2.075549e-01,1.835810e-02,2.230961e-01
3.535070e+01,7.516401e-01,7.321554e-01,-1.472283e-01,-2.678446e-01,1.948469e-02,1.206163e-01,7.418978e-01,-2.075364e-01,1.857576e-02,2.251609e-01
3.553106e+01,7.511611e-01,7.314620e-01,-1.464972e-01,-2.685380e-01,1.969916e-02,1.220408e-01,7.413115e-01,-2.075176e-01,1.879520e-02,2.272319e-01
3.571142e+01,7.506781e-01,7.307631e-01,-1.457600e-01,-2.692369e-01,1.991499e-02,1.234769e-01,7.407206e-01,-2.074984e-01,1.901641e-02,2.293091e-01
3.589178e+01,7.501910e-01,7.300588e-01,-1.450165e-01,-2.699412e-01,2.013220e-02,1.249246e-01,7.401249e-01,-2.074789e-01,1.923941e-02,2.313923e-01
3.607214e+01,7.496998e-01,7.293491e-01,-1.442669e-01,-2.706509e-01,2.035078e-02,1.263841e-01,7.395245e-01,-2.074589e-01,1.946421e-02,2.334817e-01
3.625251e+01,7.492046e-01,7.286338e-01,-1.435109e-01,-2.713662e-01,2.057073e-02,1.278553e-01,7.389192e-01,-2.074385e-01,1.969083e-02,2.355770e-01
3.643287e+01,7.487051e-01,7.279131e-01,-1.427486e-01,-2.720869e-01,2.079207e-02,1.293383e-01,7.383091e-01,-2.074178e-01,1.991928e-02,2.376783e-01
3.661323e+01,7.482015e-01,7.271867e-01,-1.419800e-01,-2.728133e-01,2.101478e-02,1.308333e-01,7.376941e-01,-2.073966e-01,2.014957e-02,2.397855e-01
3.679359e+01,7.476937e-01,7.264548e-01,-1.412049e-01,-2.735452e-01,2.123888e-02,1.323403e-01,7.370742e-01,-2.073750e-01,2.038171e-02,2.418985e-01
3.697395e+01,7.471816e-01,7.257173e-01,-1.404233e-01,-2.742827e-01,2.146437e-02,1.338594e-01,7.364494e-01,-2.073530e-01,2.061572e-02,2.440172e-01
3.715431e+01,7.466653e-01,7.249740e-01,-1.396352e-01,-2.750260e-01,2.169124e-02,1.353907e-01,7.358197e-01,-2.073306e-01,2.085161e-02,2.461418e-01
3.733467e+01,7.461446e-01,7.242251e-01,-1.388405e-01,-2.757749e-01,2.191951e-02,1.369343e-01,7.351849e-01,-2.073077e-01,2.108939e-02,2.482719e-01
3.751503e+01,7.456196e-01,7.234705e-01,-1.380393e-01,-2.765295e-01,2.214916e-02,1.384903e-01,7.345451e-01,-2.072844e-01,2.132907e-02,2.504077e-01
3.769539e+01,7.450903e-01,7.227101e-01,-1.372313e-01,-2.772899e-01,2.238022e-02,1.400586e-01,7.339002e-01,-2.072606e-01,2.157068e-02,2.525491e-01
3.787575e+01,7.445565e-01,7.219438e-01,-1.364166e-01,-2.780562e-01,2.261267e-02,1.416396e-01,7.332502e-01,-2.072364e-01,2.181421e-02,2.546960e-01
3.805611e+01,7.440183e-01,7.211718e-01,-1.355951e-01,-2.788282e-01,2.284652e-02,1.432331e-01,7.325950e-01,-2.072117e-01,2.205970e-02,2.568483e-01
3.823647e+01,7.434756e-01,7.203938e-01,-1.347668e-01,-2.796062e-01,2.308178e-02,1.448393e-01,7.319347e-01,-2.071865e-01,2.230714e-02,2.590060e-01
3.841683e+01,7.429284e-01,7.196100e-01,-1.339317e-01,-2.803900e-01,2.331844e-02,1.464584e-01,7.312692e-01,-2.071608e-01,2.255656e-02,2.611690e-01
3.859719e+01,7.423767e-01,7.188202e-01,-1.330895e-01,-2.811798e-01,2.355650e-02,1.480903e-01,7.305984e-01,-2.071347e-01,2.280796e-02,2.633373e-01
3.877756e+01,7.418204e-01,7.180244e-01,-1.322404e-01,-2.819756e-01,2.379598e-02,1.497352e-01,7.299224e-01,-2.071080e-01,2.306136e-02,2.655109e-01
3.895792e+01,7.412594e-01,7.172226e-01,-1.313843e-01,-2.827774e-01,2.403686e-02,1.513932e-01,7.292410e-01,-2.070808e-01,2.331679e-02,2.676896e-01
3.913828e+01,7.406938e-01,7.164147e-01,-1.305210e-01,-2.835853e-01,2.427916e-02,1.530643e-01,7.285543e-01,-2.070532e-01,2.357424e-02,2.698735e-01
3.931864e+01,7.401236e-01,7.156007e-01,-1.296506e-01,-2.843993e-01,2.452287e-02,1.547487e-01,7.278621e-01,-2.070250e-01,2.383373e-02,2.720624e-01
3.949900e+01,7.395486e-01,7.147806e-01,-1.287730e-01,-2.852194e-01,2.476800e-02,1.564465e-01,7.271646e-01,-2.069962e-01,2.409529e-02,2.742563e-01
3.967936e+01,7.389688e-01,7.139542e-01,-1.278881e-01,-2.860458e-01,2.501454e-02,1.581577e-01,7.264615e-01,-2.069669e-01,2.435892e-02,2.764552e-01
3.985972e+01,7.383842e-01,7.131217e-01,-1.269958e-01,-2.868783e-01,2.526251e-02,1.598824e-01,7.257530e-01,-2.069371e-01,2.462464e-02,2.786590e-01
4.004008e+01,7.377948e-01,7.122829e-01,-1.260962e-01,-2.877171e-01,2.551189e-02,1.616209e-01,7.250389e-01,-2.069067e-01,2.489247e-02,2.808677e-01
4.022044e+01,7.372005e-01,7.114378e-01,-1.251892e-01,-2.885622e-01,2.576269e-02,1.633730e-01,7.243192e-01,-2.068757e-01,2.516242e-02,2.830811e-01
4.040080e+01,7.366013e-01,7.105864e-01,-1.242746e-01,-2.894136e-01,2.601492e-02,1.651390e-01,7.235939e-01,-2.068441e-01,2.543450e-02,2.852993e-01
4.058116e+01,7.359972e-01,7.097286e-01,-1.233525e-01,-2.902714e-01,2.626857e-02,1.669189e-01,7.228629e-01,-2.068119e-01,2.570873e-02,2.875222e-01
4.076152e+01,7.353880e-01,7.088644e-01,-1.224227e-01,-2.911356e-01,2.652365e-02,1.687129e-01,7.221262e-01,-2.067792e-01,2.598513e-02,2.897497e-01
4.094188e+01,7.347738e-01,7.079937e-01,-1.214853e-01,-2.920063e-01,2.678015e-02,1.705210e-01,7.213838e-01,-2.067458e-01,2.626371e-02,2.919817e-01
4.112224e+01,7.341546e-01,7.071165e-01,-1.205401e-01,-2.928835e-01,2.703808e-02,1.723434e-01,7.206355e-01,-2.067118e-01,2.654450e-02,2.942183e-01
4.130261e+01,7.335302e-01,7.062327e-01,-1.195871e-01,-2.937673e-01,2.729744e-02,1.741801e-01,7.198815e-01,-2.066772e-01,2.682749e-02,2.964594e-01
4.148297e+01,7.329006e-01,7.053424e-01,-1.186262e-01,-2.946576e-01,2.755822e-02,1.760313e-01,7.191215e-01,-2.066419e-01,2.711272e-02,2.987049e-01
4.166333e+01,7.322659e-01,7.044455e-01,-1.176574e-01,-2.955545e-01,2.782044e-02,1.778971e-01,7.183557e-01,-2.066060e-01,2.740020e-02,3.009548e-01
4.184369e+01,7.316259e-01,7.035418e-01,-1.166806e-01,-2.964582e-01,2.808408e-02,1.797775e-01,7.175839e-01,-2.065694e-01,2.768994e-02,3.032090e-01
4.202405e+01,7.309806e-01,7.026315e-01,-1.156957e-01,-2.973685e-01,2.834915e-02,1.816728e-01,7.168061e-01,-2.065321e-01,2.798196e-02,3.054674e-01
4.220441e+01,7.303300e-01,7.017144e-01,-1.147027e-01,-2.982856e-01,2.861565e-02,1.835829e-01,7.160222e-01,-2.064942e-01,2.827628e-02,3.077300e-01
4.238477e+01,7.296741e-01,7.007905e-01,-1.137015e-01,-2.992095e-01,2.888358e-02,1.855080e-01,7.152323e-01,-2.064555e-01,2.857292e-02,3.099969e-01
4.256513e+01,7.290127e-01,6.998597e-01,-1.126920e-01,-3.001403e-01,2.915295e-02,1.874483e-01,7.144362e-01,-2.064162e-01,2.887189e-02,3.122678e-01
4.274549e+01,7.283458e-01,6.989221e-01,-1.116742e-01,-3.010779e-01,2.942374e-02,1.894037e-01,7.136339e-01,-2.063761e-01,2.917321e-02,3.145427e-01
4.292585e+01,7.276734e-01,6.979775e-01,-1.106480e-01,-3.020225e-01,2.969596e-02,1.913746e-01,7.128255e-01,-2.063352e-01,2.947690e-02,3.168217e-01
4.310621e+01,7.269955e-01,6.970259e-01,-1.096133e-01,-3.029741e-01,2.996961e-02,1.933608e-01,7.120107e-01,-2.062937e-01,2.978298e-02,3.191046e-01
4.328657e+01,7.263120e-01,6.960673e-01,-1.085700e-01,-3.039327e-01,3.024468e-02,1.953627e-01,7.111897e-01,-2.062513e-01,3.009146e-02,3.213914e-01
4.346693e+01,7.256228e-01,6.951016e-01,-1.075181e-01,-3.048984e-01,3.052119e-02,1.973802e-01,7.103622e-01,-2.062082e-01,3.040236e-02,3.236820e-01
4.364729e+01,7.249280e-01,6.941288e-01,-1.064576e-01,-3.058712e-01,3.079912e-02,1.994136e-01,7.095284e-01,-2.061644e-01,3.071570e-02,3.259765e-01
4.382766e+01,7.242274e-01,6.931489e-01,-1.053882e-01,-3.068511e-01,3.107848e-02,2.014629e-01,7.086881e-01,-2.061197e-01,3.103150e-02,3.282747e-01
4.400802e+01,7.235210e-01,6.921617e-01,-1.043101e-01,-3.078383e-01,3.135926e-02,2.035282e-01,7.078413e-01,-2.060742e-01,3.134979e-02,3.305765e-01
4.418838e+01,7.228087e-01,6.911673e-01,-1.032230e-01,-3.088327e-01,3.164147e-02,2.056097e-01,7.069880e-01,-2.060279e-01,3.167056e-02,3.328820e-01
4.436874e+01,7.220906e-01,6.901655e-01,-1.021269e-01,-3.098345e-01,3.192509e-02,2.077075e-01,7.061281e-01,-2.059807e-01,3.199386e-02,3.351912e-01
4.454910e+01,7.213666e-01,6.891564e-01,-1.010218e-01,-3.108436e-01,3.221014e-02,2.098218e-01,7.052615e-01,-2.059327e-01,3.231969e-02,3.375038e-01
4.472946e+01,7.206365e-01,6.881399e-01,-9.990753e-02,-3.118601e-01,3.249660e-02,2.119525e-01,7.043882e-01,-2.058838e-01,3.264807e-02,3.398199e-01
4.490982e+01,7.199004e-01,6.871160e-01,-9.878405e-02,-3.128840e-01,3.278448e-02,2.141000e-01,7.035082e-01,-2.058340e-01,3.297903e-02,3.421395e-01
4.509018e+01,7.191583e-01,6.860845e-01,-9.765127e-02,-3.139155e-01,3.307378e-02,2.162642e-01,7.026214e-01,-2.057834e-01,3.331259e-02,3.444625e-01
4.527054e+01,7.184100e-01,6.850455e-01,-9.650912e-02,-3.149545e-01,3.336449e-02,2.184454e-01,7.017277e-01,-2.057318e-01,3.364876e-02,3.467888e-01
4.545090e+01,7.176554e-01,6.839988e-01,-9.535751e-02,-3.160012e-01,3.365660e-02,2.206436e-01,7.008271e-01,-2.056793e-01,3.398756e-02,3.491184e-01
4.563126e+01,7.168947e-01,6.829446e-01,-9.419637e-02,-3.170554e-01,3.395012e-02,2.228591e-01,6.999196e-01,-2.056259e-01,3.432902e-02,3.514513e-01
4.581162e+01,7.161276e-01,6.818826e-01,-9.302560e-02,-3.181174e-01,3.424505e-02,2.250918e-01,6.990051e-01,-2.055715e-01,3.467315e-02,3.537873e-01
4.599198e+01,7.153542e-01,6.808128e-01,-9.184514e-02,-3.191872e-01,3.454137e-02,2.273420e-01,6.980835e-01,-2.055161e-01,3.501999e-02,3.561265e-01
4.617234e+01,7.145744e-01,6.797353e-01,-9.065489e-02,-3.202647e-01,3.483910e-02,2.296098e-01,6.971548e-01,-2.054598e-01,3.536954e-02,3.584688e-01
4.635271e+01,7.137881e-01,6.786499e-01,-8.945477e-02,-3.213501e-01,3.513821e-02,2.318953e-01,6.962190e-01,-2.054024e-01,3.572183e-02,3.608142e-01
4.653307e+01,7.129953e-01,6.775566e-01,-8.824469e-02,-3.224434e-01,3.543872e-02,2.341987e-01,6.952759e-01,-2.053441e-01,3.607688e-02,3.631625e-01
4.671343e+01,7.121959e-01,6.764553e-01,-8.702458e-02,-3.235447e-01,3.574061e-02,2.365201e-01,6.943256e-01,-2.052846e-01,3.643471e-02,3.655138e-01
4.689379e+01,7.113899e-01,6.753460e-01,-8.579433e-02,-3.246540e-01,3.604388e-02,2.388597e-01,6.933679e-01,-2.052242e-01,3.679535e-02,3.678681e-01
4.707415e+01,7.105771e-01,6.742286e-01,-8.455386e-02,-3.257714e-01,3.634853e-02,2.412175e-01,6.924029e-01,-2.051626e-01,3.715881e-02,3.702252e-01
4.725451e+01,7.097576e-01,6.731031e-01,-8.330309e-02,-3.268969e-01,3.665455e-02,2.435938e-01,6.914304e-01,-2.051000e-01,3.752513e-02,3.725851e-01
4.743487e+01,7.089314e-01,6.719694e-01,-8.204192e-02,-3.280306e-01,3.696194e-02,2.459887e-01,6.904504e-01,-2.050363e-01,3.789431e-02,3.749478e-01
4.761523e+01,7.080982e-01,6.708275e-01,-8.077026e-02,-3.291725e-01,3.727069e-02,2.484022e-01,6.894628e-01,-2.049714e-01,3.826639e-02,3.773132e-01
4.779559e+01,7.072581e-01,6.696773e-01,-7.948802e-02,-3.303227e-01,3.758079e-02,2.508347e-01,6.884677e-01,-2.049054e-01,3.864139e-02,3.796813e-01
4.797595e+01,7.064110e-01,6.685187e-01,-7.819510e-02,-3.314813e-01,3.789225e-02,2.532862e-01,6.874649e-01,-2.048382e-01,3.901932e-02,3.820520e-01
4.815631e+01,7.055568e-01,6.673518e-01,-7.689141e-02,-3.326482e-01,3.820505e-02,2.557568e-01,6.864543e-01,-2.047698e-01,3.940022e-02,3.844253e-01
4.833667e+01,7.046956e-01,6.661764e-01,-7.557686e-02,-3.338236e-01,3.851919e-02,2.582468e-01,6.854360e-01,-2.047002e-01,3.978411e-02,3.868012e-01
4.851703e+01,7.038271e-01,6.649925e-01,-7.425135e-02,-3.350075e-01,3.883466e-02,2.607562e-01,6.844098e-01,-2.046294e-01,4.017101e-02,3.891796e-01
4.869739e+01,7.029514e-01,6.638000e-01,-7.291477e-02,-3.362000e-01,3.915146e-02,2.632853e-01,6.833757e-01,-2.045574e-01,4.056094e-02,3.915604e-01
4.887776e+01,7.020684e-01,6.625989e-01,-7.156704e-02,-3.374011e-01,3.946957e-02,2.658341e-01,6.823336e-01,-2.044841e-01,4.095394e-02,3.939437e-01
4.905812e+01,7.011780e-01,6.613890e-01,-7.020805e-02,-3.386110e-01,3.978900e-02,2.684029e-01,6.812835e-01,-2.044095e-01,4.135002e-02,3.963293e-01
4.923848e+01,7.002802e-01,6.601705e-01,-6.883770e-02,-3.398295e-01,4.010973e-02,2.709918e-01,6.802254e-01,-2.043336e-01,4.174921e-02,3.987173e-01
4.941884e+01,6.993749e-01,6.589431e-01,-6.745589e-02,-3.410569e-01,4.043175e-02,2.736010e-01,6.791590e-01,-2.042564e-01,4.215153e-02,4.011076e-01
4.959920e+01,6.984620e-01,6.577069e-01,-6.606251e-02,-3.422931e-01,4.075506e-02,2.762306e-01,6.780844e-01,-2.041778e-01,4.255701e-02,4.035001e-01
4.977956e+01,6.975414e-01,6.564618e-01,-6.465747e-02,-3.435382e-01,4.107965e-02,2.788808e-01,6.770016e-01,-2.040978e-01,4.296568e-02,4.058948e-01
4.995992e+01,6.966132e-01,6.552076e-01,-6.324065e-02,-3.447924e-01,4.140550e-02,2.815517e-01,6.759104e-01,-2.040165e-01,4.337757e-02,4.082917e-01
5.014028e+01,6.956771e-01,6.539445e-01,-6.181195e-02,-3.460555e-01,4.173262e-02,2.842436e-01,6.748108e-01,-2.039337e-01,4.379268e-02,4.106907e-01
5.032064e+01,6.947332e-01,6.526722e-01,-6.037127e-02,-3.473278e-01,4.206098e-02,2.869565e-01,6.737027e-01,-2.038495e-01,4.421107e-02,4.130918e-01
5.050100e+01,6.937814e-01,6.513908e-01,-5.891848e-02,-3.486092e-01,4.239058e-02,2.896907e-01,6.725861e-01,-2.037639e-01,4.463274e-02,4.154950e-01
5.068136e+01,6.928215e-01,6.501001e-01,-5.745349e-02,-3.498999e-01,4.272141e-02,2.924464e-01,6.714608e-01,-2.036767e-01,4.505773e-02,4.179001e-01
5.086172e+01,6.918536e-01,6.488002e-01,-5.597617e-02,-3.511998e-01,4.305346e-02,2.952237e-01,6.703269e-01,-2.035880e-01,4.548607e-02,4.203072e-01
5.104208e+01,6.908776e-01,6.474908e-01,-5.448643e-02,-3.525092e-01,4.338672e-02,2.980227e-01,6.691842e-01,-2.034978e-01,4.591778e-02,4.227163e-01
5.122244e+01,6.898933e-01,6.461721e-01,-5.298414e-02,-3.538279e-01,4.372117e-02,3.008437e-01,6.680327e-01,-2.034060e-01,4.635289e-02,4.251272e-01
5.140281e+01,6.889007e-01,6.448439e-01,-5.146919e-02,-3.551561e-01,4.405680e-02,3.036869e-01,6.668723e-01,-2.033126e-01,4.679142e-02,4.275400e-01
5.158317e+01,6.878998e-01,6.435062e-01,-4.994146e-02,-3.564938e-01,4.439361e-02,3.065524e-01,6.657030e-01,-2.032176e-01,4.723342e-02,4.299547e-01
5.176353e+01,6.868904e-01,6.421588e-01,-4.840083e-02,-3.578412e-01,4.473157e-02,3.094403e-01,6.645246e-01,-2.031210e-01,4.767889e-02,4.323711e-01
5.194389e+01,6.858725e-01,6.408018e-01,-4.684719e-02,-3.591982e-01,4.507068e-02,3.123510e-01,6.633372e-01,-2.030227e-01,4.812788e-02,4.347892e-01
5.212425e+01,6.848460e-01,6.394351e-01,-4.528041e-02,-3.605649e-01,4.541091e-02,3.152845e-01,6.621405e-01,-2.029227e-01,4.858042e-02,4.372091e-01
5.230461e+01,6.838108e-01,6.380585e-01,-4.370037e-02,-3.619415e-01,4.575227e-02,3.182411e-01,6.609346e-01,-2.028209e-01,4.903652e-02,4.396306e-01
5.248497e+01,6.827668e-01,6.366721e-01,-4.210696e-02,-3.633279e-01,4.609472e-02,3.212210e-01,6.597194e-01,-2.027174e-01,4.949623e-02,4.420538e-01
5.266533e+01,6.817140e-01,6.352757e-01,-4.050003e-02,-3.647243e-01,4.643826e-02,3.242243e-01,6.584948e-01,-2.026122e-01,4.995957e-02,4.444786e-01
5.284569e+01,6.806522e-01,6.338693e-01,-3.887948e-02,-3.661307e-01,4.678288e-02,3.272512e-01,6.572608e-01,-2.025051e-01,5.042658e-02,4.469049e-01
5.302605e+01,6.795814e-01,6.324529e-01,-3.724517e-02,-3.675471e-01,4.712854e-02,3.303019e-01,6.560172e-01,-2.023961e-01,5.089727e-02,4.493328e-01
5.320641e+01,6.785016e-01,6.310263e-01,-3.559696e-02,-3.689737e-01,4.747525e-02,3.333767e-01,6.547640e-01,-2.022853e-01,5.137169e-02,4.517622e-01
5.338677e+01,6.774125e-01,6.295896e-01,-3.393474e-02,-3.704104e-01,4.782297e-02,3.364757e-01,6.535010e-01,-2.021726e-01,5.184987e-02,4.541931e-01
5.356713e+01,6.763142e-01,6.281425e-01,-3.225837e-02,-3.718575e-01,4.817170e-02,3.395991e-01,6.522284e-01,-2.020579e-01,5.233183e-02,4.566254e-01
5.374749e+01,6.752065e-01,6.266851e-01,-3.056771e-02,-3.733149e-01,4.852142e-02,3.427472e-01,6.509458e-01,-2.019413e-01,5.281761e-02,4.590591e-01
5.392786e+01,6.740894e-01,6.252173e-01,-2.886263e-02,-3.747827e-01,4.887210e-02,3.459201e-01,6.496533e-01,-2.018227e-01,5.330724e-02,4.614942e-01
5.410822e+01,6.729627e-01,6.237390e-01,-2.714300e-02,-3.762610e-01,4.922372e-02,3.491180e-01,6.483509e-01,-2.017020e-01,5.380075e-02,4.639306e-01
5.428858e+01,6.718264e-01,6.222501e-01,-2.540867e-02,-3.777499e-01,4.957628e-02,3.523412e-01,6.470383e-01,-2.015793e-01,5.429818e-02,4.663684e-01
5.446894e+01,6.706804e-01,6.207507e-01,-2.365950e-02,-3.792493e-01,4.992974e-02,3.555898e-01,6.457155e-01,-2.014544e-01,5.479956e-02,4.688075e-01
5.464930e+01,6.695246e-01,6.192405e-01,-2.189537e-02,-3.807595e-01,5.028409e-02,3.588641e-01,6.443825e-01,-2.013274e-01,5.530492e-02,4.712478e-01
5.482966e+01,6.683588e-01,6.177195e-01,-2.011611e-02,-3.822805e-01,5.063930e-02,3.621643e-01,6.430392e-01,-2.011983e-01,5.581430e-02,4.736893e-01
5.501002e+01,6.671831e-01,6.161878e-01,-1.832159e-02,-3.838122e-01,5.099535e-02,3.654906e-01,6.416854e-01,-2.010669e-01,5.632773e-02,4.761321e-01
5.519038e+01,6.659973e-01,6.146451e-01,-1.651166e-02,-3.853549e-01,5.135222e-02,3.688433e-01,6.403212e-01,-2.009333e-01,5.684524e-02,4.785760e-01
5.537074e+01,6.648013e-01,6.130914e-01,-1.468618e-02,-3.869086e-01,5.170989e-02,3.722224e-01,6.389463e-01,-2.007974e-01,5.736688e-02,4.810211e-01
5.555110e+01,6.635950e-01,6.115266e-01,-1.284498e-02,-3.884734e-01,5.206833e-02,3.756284e-01,6.375608e-01,-2.006592e-01,5.789267e-02,4.834674e-01
5.573146e+01,6.623783e-01,6.099507e-01,-1.098793e-02,-3.900493e-01,5.242752e-02,3.790613e-01,6.361645e-01,-2.005186e-01,5.842265e-02,4.859147e-01
5.591182e+01,6.611511e-01,6.083636e-01,-9.114869e-03,-3.916364e-01,5.278742e-02,3.825215e-01,6.347574e-01,-2.003756e-01,5.895686e-02,4.883631e-01
5.609218e+01,6.599133e-01,6.067653e-01,-7.225640e-03,-3.932347e-01,5.314802e-02,3.860091e-01,6.333393e-01,-2.002302e-01,5.949533e-02,4.908126e-01
5.627255e+01,6.586648e-01,6.051555e-01,-5.320088e-03,-3.948445e-01,5.350929e-02,3.895244e-01,6.319102e-01,-2.000823e-01,6.003811e-02,4.932631e-01
5.645291e+01,6.574055e-01,6.035343e-01,-3.398054e-03,-3.964657e-01,5.387120e-02,3.930676e-01,6.304699e-01,-1.999319e-01,6.058521e-02,4.957146e-01
5.663327e+01,6.561353e-01,6.019016e-01,-1.459378e-03,-3.980984e-01,5.423371e-02,3.966390e-01,6.290185e-01,-1.997789e-01,6.113670e-02,4.981671e-01
5.681363e+01,6.548542e-01,6.002573e-01,4.961028e-04,-3.997427e-01,5.459681e-02,4.002388e-01,6.275557e-01,-1.996233e-01,6.169260e-02,5.006205e-01
5.699399e+01,6.535618e-01,5.986014e-01,2.468552e-03,-4.013986e-01,5.496047e-02,4.038672e-01,6.260816e-01,-1.994650e-01,6.225294e-02,5.030749e-01
5.717435e+01,6.522583e-01,5.969337e-01,4.458137e-03,-4.030663e-01,5.532464e-02,4.075245e-01,6.245960e-01,-1.993041e-01,6.281778e-02,5.055303e-01
5.735471e+01,6.509434e-01,5.952541e-01,6.465024e-03,-4.047459e-01,5.568930e-02,4.112109e-01,6.230988e-01,-1.991404e-01,6.338715e-02,5.079865e-01
5.753507e+01,6.496171e-01,5.935627e-01,8.489384e-03,-4.064373e-01,5.605442e-02,4.149267e-01,6.215899e-01,-1.989740e-01,6.396108e-02,5.104437e-01
5.771543e+01,6.482792e-01,5.918593e-01,1.053139e-02,-4.081407e-01,5.641996e-02,4.186721e-01,6.200693e-01,-1.988047e-01,6.453962e-02,5.129017e-01
5.789579e+01,6.469297e-01,5.901438e-01,1.259121e-02,-4.098562e-01,5.678590e-02,4.224474e-01,6.185367e-01,-1.986325e-01,6.512281e-02,5.153605e-01
5.807615e+01,6.455683e-01,5.884162e-01,1.466903e-02,-4.115838e-01,5.715218e-02,4.262529e-01,6.169923e-01,-1.984574e-01,6.571069e-02,5.178202e-01
5.825651e+01,6.441951e-01,5.866763e-01,1.676503e-02,-4.133237e-01,5.751879e-02,4.300887e-01,6.154357e-01,-1.982793e-01,6.630330e-02,5.202807e-01
5.843687e+01,6.428098e-01,5.849241e-01,1.887938e-02,-4.150759e-01,5.788568e-02,4.339552e-01,6.138670e-01,-1.980982e-01,6.690068e-02,5.227421e-01
5.861723e+01,6.414124e-01,5.831596e-01,2.101226e-02,-4.168404e-01,5.825281e-02,4.378527e-01,6.122860e-01,-1.979141e-01,6.750287e-02,5.252042e-01
5.879760e+01,6.400027e-01,5.813826e-01,2.316387e-02,-4.186174e-01,5.862014e-02,4.417813e-01,6.106926e-01,-1.977268e-01,6.810992e-02,5.276671e-01
5.897796e+01,6.385806e-01,5.795930e-01,2.533438e-02,-4.204070e-01,5.898764e-02,4.457414e-01,6.090868e-01,-1.975363e-01,6.872186e-02,5.301308e-01
5.915832e+01,6.371460e-01,5.777908e-01,2.752399e-02,-4.222092e-01,5.935527e-02,4.497332e-01,6.074684e-01,-1.973426e-01,6.933875e-02,5.325952e-01
5.933868e+01,6.356988e-01,5.759758e-01,2.973289e-02,-4.240242e-01,5.972297e-02,4.537570e-01,6.058373e-01,-1.971456e-01,6.996063e-02,5.350604e-01
5.951904e+01,6.342388e-01,5.741481e-01,3.196127e-02,-4.258519e-01,6.009072e-02,4.578132e-01,6.041935e-01,-1.969453e-01,7.058753e-02,5.375263e-01
5.969940e+01,6.327659e-01,5.723075e-01,3.420934e-02,-4.276925e-01,6.045846e-02,4.619019e-01,6.025367e-01,-1.967416e-01,7.121951e-02,5.399929e-01
5.987976e+01,6.312800e-01,5.704539e-01,3.647727e-02,-4.295461e-01,6.082616e-02,4.660234e-01,6.008670e-01,-1.965344e-01,7.185661e-02,5.424603e-01
6.006012e+01,6.297810e-01,5.685872e-01,3.876529e-02,-4.314128e-01,6.119376e-02,4.701781e-01,5.991841e-01,-1.963237e-01,7.249887e-02,5.449283e-01
6.024048e+01,6.282686e-01,5.667074e-01,4.107359e-02,-4.332926e-01,6.156121e-02,4.743662e-01,5.974880e-01,-1.961095e-01,7.314635e-02,5.473971e-01
6.042084e+01,6.267429e-01,5.648144e-01,4.340237e-02,-4.351856e-01,6.192848e-02,4.785880e-01,5.957786e-01,-1.958916e-01,7.379908e-02,5.498665e-01
6.060120e+01,6.252035e-01,5.629080e-01,4.575185e-02,-4.370920e-01,6.229551e-02,4.828438e-01,5.940558e-01,-1.956701e-01,7.445712e-02,5.523366e-01
6.078156e+01,6.236505e-01,5.609883e-01,4.812223e-02,-4.390117e-01,6.266224e-02,4.871340e-01,5.923194e-01,-1.954448e-01,7.512051e-02,5.548075e-01
6.096192e+01,6.220836e-01,5.590550e-01,5.051373e-02,-4.409450e-01,6.302863e-02,4.914587e-01,5.905693e-01,-1.952156e-01,7.578930e-02,5.572790e-01
6.114228e+01,6.205028e-01,5.571082e-01,5.292657e-02,-4.428918e-01,6.339463e-02,4.958184e-01,5.888055e-01,-1.949826e-01,7.646354e-02,5.597511e-01
6.132265e+01,6.189078e-01,5.551477e-01,5.536096e-02,-4.448523e-01,6.376017e-02,5.002133e-01,5.870278e-01,-1.947457e-01,7.714328e-02,5.622240e-01
6.150301e+01,6.172986e-01,5.531734e-01,5.781712e-02,-4.468266e-01,6.412521e-02,5.046437e-01,5.852360e-01,-1.945047e-01,7.782857e-02,5.646975e-01
6.168337e+01,6.156750e-01,5.511853e-01,6.029528e-02,-4.488147e-01,6.448969e-02,5.091100e-01,5.834301e-01,-1.942597e-01,7.851946e-02,5.671717e-01
6.186373e+01,6.140368e-01,5.491832e-01,6.279567e-02,-4.508168e-01,6.485354e-02,5.136124e-01,5.816100e-01,-1.940105e-01,7.921599e-02,5.696466e-01
6.204409e+01,6.123839e-01,5.471671e-01,6.531851e-02,-4.528329e-01,6.521672e-02,5.181514e-01,5.797755e-01,-1.937572e-01,7.991823e-02,5.721221e-01
6.222445e+01,6.107161e-01,5.451369e-01,6.786403e-02,-4.548631e-01,6.557915e-02,5.227271e-01,5.779265e-01,-1.934995e-01,8.062622e-02,5.745983e-01
6.240481e+01,6.090333e-01,5.430925e-01,7.043248e-02,-4.569075e-01,6.594077e-02,5.273400e-01,5.760629e-01,-1.932375e-01,8.134001e-02,5.770752e-01
6.258517e+01,6.073353e-01,5.410338e-01,7.302409e-02,-4.589662e-01,6.630153e-02,5.319903e-01,5.741846e-01,-1.929711e-01,8.205966e-02,5.795528e-01
6.276553e+01,6.056220e-01,5.389607e-01,7.563910e-02,-4.610393e-01,6.666135e-02,5.366784e-01,5.722914e-01,-1.927001e-01,8.278523e-02,5.820311e-01
6.294589e+01,6.038932e-01,5.368731e-01,7.827775e-02,-4.631269e-01,6.702017e-02,5.414047e-01,5.703832e-01,-1.924246e-01,8.351675e-02,5.845100e-01
6.312625e+01,6.021488e-01,5.347709e-01,8.094029e-02,-4.652291e-01,6.737791e-02,5.461694e-01,5.684598e-01,-1.921444e-01,8.425430e-02,5.869897e-01
6.330661e+01,6.003885e-01,5.326540e-01,8.362698e-02,-4.673460e-01,6.773452e-02,5.509730e-01,5.665213e-01,-1.918595e-01,8.499793e-02,5.894701e-01
6.348697e+01,5.986123e-01,5.305224e-01,8.633805e-02,-4.694776e-01,6.808991e-02,5.558157e-01,5.645673e-01,-1.915698e-01,8.574768e-02,5.919512e-01
6.366733e+01,5.968199e-01,5.283759e-01,8.907379e-02,-4.716241e-01,6.844402e-02,5.606979e-01,5.625979e-01,-1.912752e-01,8.650363e-02,5.944330e-01
6.384770e+01,5.950112e-01,5.262144e-01,9.183443e-02,-4.737856e-01,6.879677e-02,5.656200e-01,5.606128e-01,-1.909756e-01,8.726582e-02,5.969156e-01
6.402806e+01,5.931860e-01,5.240379e-01,9.462024e-02,-4.759621e-01,6.914807e-02,5.705823e-01,5.586119e-01,-1.906709e-01,8.803431e-02,5.993989e-01
6.420842e+01,5.913441e-01,5.218462e-01,9.743149e-02,-4.781538e-01,6.949786e-02,5.755853e-01,5.565952e-01,-1.903611e-01,8.880916e-02,6.018830e-01
6.438878e+01,5.894854e-01,5.196393e-01,1.002685e-01,-4.803607e-01,6.984606e-02,5.806291e-01,5.545624e-01,-1.900461e-01,8.959044e-02,6.043679e-01
6.456914e+01,5.876096e-01,5.174171e-01,1.031314e-01,-4.825829e-01,7.019257e-02,5.857143e-01,5.525134e-01,-1.897258e-01,9.037819e-02,6.068536e-01
6.474950e+01,5.857167e-01,5.151794e-01,1.060206e-01,-4.848206e-01,7.053732e-02,5.908412e-01,5.504480e-01,-1.894000e-01,9.117249e-02,6.093400e-01
6.492986e+01,5.838064e-01,5.129261e-01,1.089364e-01,-4.870739e-01,7.088022e-02,5.960102e-01,5.483663e-01,-1.890688e-01,9.197339e-02,6.118273e-01
6.511022e+01,5.818785e-01,5.106573e-01,1.118789e-01,-4.893427e-01,7.122118e-02,6.012216e-01,5.462679e-01,-1.887319e-01,9.278095e-02,6.143155e-01
6.529058e+01,5.799328e-01,5.083727e-01,1.148486e-01,-4.916273e-01,7.156011e-02,6.064759e-01,5.441527e-01,-1.883894e-01,9.359524e-02,6.168045e-01
6.547094e+01,5.779692e-01,5.060722e-01,1.178457e-01,-4.939278e-01,7.189693e-02,6.117734e-01,5.420207e-01,-1.880410e-01,9.441633e-02,6.192944e-01
6.565130e+01,5.759874e-01,5.037559e-01,1.208704e-01,-4.962441e-01,7.223153e-02,6.171146e-01,5.398716e-01,-1.876868e-01,9.524426e-02,6.217853e-01
6.583166e+01,5.739873e-01,5.014235e-01,1.239232e-01,-4.985765e-01,7.256382e-02,6.224997e-01,5.377054e-01,-1.873267e-01,9.607911e-02,6.242770e-01
6.601202e+01,5.719686e-01,4.990749e-01,1.270043e-01,-5.009251e-01,7.289370e-02,6.279293e-01,5.355218e-01,-1.869604e-01,9.692095e-02,6.267697e-01
6.619238e+01,5.699313e-01,4.967102e-01,1.301139e-01,-5.032898e-01,7.322108e-02,6.334037e-01,5.333207e-01,-1.865879e-01,9.776984e-02,6.292634e-01
6.637275e+01,5.678749e-01,4.943291e-01,1.332525e-01,-5.056709e-01,7.354584e-02,6.389234e-01,5.311020e-01,-1.862092e-01,9.862584e-02,6.317581e-01
6.655311e+01,5.657995e-01,4.919316e-01,1.364203e-01,-5.080684e-01,7.386789e-02,6.444887e-01,5.288655e-01,-1.858241e-01,9.948903e-02,6.342539e-01
6.673347e+01,5.637046e-01,4.895175e-01,1.396176e-01,-5.104825e-01,7.418712e-02,6.501001e-01,5.266111e-01,-1.854324e-01,1.003595e-01,6.367507e-01
6.691383e+01,5.615902e-01,4.870868e-01,1.428448e-01,-5.129132e-01,7.450341e-02,6.557580e-01,5.243385e-01,-1.850342e-01,1.012372e-01,6.392486e-01
6.709419e+01,5.594560e-01,4.846394e-01,1.461022e-01,-5.153606e-01,7.481666e-02,6.614629e-01,5.220477e-01,-1.846292e-01,1.021224e-01,6.417476e-01
6.727455e+01,5.573019e-01,4.821751e-01,1.493902e-01,-5.178249e-01,7.512676e-02,6.672151e-01,5.197385e-01,-1.842174e-01,1.030150e-01,6.442478e-01
6.745491e+01,5.551275e-01,4.796939e-01,1.527090e-01,-5.203061e-01,7.543358e-02,6.730151e-01,5.174107e-01,-1.837986e-01,1.039152e-01,6.467491e-01
6.763527e+01,5.529326e-01,4.771956e-01,1.560589e-01,-5.228044e-01,7.573700e-02,6.788633e-01,5.150641e-01,-1.833727e-01,1.048229e-01,6.492518e-01
6.781563e+01,5.507171e-01,4.746802e-01,1.594405e-01,-5.253198e-01,7.603691e-02,6.847603e-01,5.126987e-01,-1.829397e-01,1.057384e-01,6.517556e-01
6.799599e+01,5.484807e-01,4.721475e-01,1.628539e-01,-5.278525e-01,7.633318e-02,6.907063e-01,5.103141e-01,-1.824993e-01,1.066616e-01,6.542608e-01
6.817635e+01,5.462232e-01,4.695975e-01,1.662995e-01,-5.304025e-01,7.662568e-02,6.967020e-01,5.079103e-01,-1.820515e-01,1.075926e-01,6.567673e-01
6.835671e+01,5.439443e-01,4.670300e-01,1.697778e-01,-5.329700e-01,7.691428e-02,7.027478e-01,5.054872e-01,-1.815961e-01,1.085316e-01,6.592752e-01
6.853707e+01,5.416438e-01,4.644450e-01,1.732890e-01,-5.355550e-01,7.719885e-02,7.088441e-01,5.030444e-01,-1.811330e-01,1.094785e-01,6.617845e-01
6.871743e+01,5.393215e-01,4.618422e-01,1.768336e-01,-5.381578e-01,7.747926e-02,7.149914e-01,5.005819e-01,-1.806621e-01,1.104335e-01,6.642953e-01
6.889780e+01,5.369771e-01,4.592217e-01,1.804119e-01,-5.407783e-01,7.775536e-02,7.211902e-01,4.980994e-01,-1.801832e-01,1.113966e-01,6.668076e-01
6.907816e+01,5.346103e-01,4.565833e-01,1.840242e-01,-5.434167e-01,7.802702e-02,7.274409e-01,4.955968e-01,-1.796962e-01,1.123680e-01,6.693215e-01
6.925852e+01,5.322210e-01,4.539269e-01,1.876711e-01,-5.460731e-01,7.829408e-02,7.337441e-01,4.930740e-01,-1.792010e-01,1.133476e-01,6.718370e-01
6.943888e+01,5.298089e-01,4.512525e-01,1.913527e-01,-5.487475e-01,7.855641e-02,7.401003e-01,4.905307e-01,-1.786974e-01,1.143357e-01,6.743541e-01
6.961924e+01,5.273736e-01,4.485598e-01,1.950697e-01,-5.514402e-01,7.881384e-02,7.465099e-01,4.879667e-01,-1.781853e-01,1.153322e-01,6.768729e-01
6.979960e+01,5.249150e-01,4.458488e-01,1.988222e-01,-5.541512e-01,7.906624e-02,7.529735e-01,4.853819e-01,-1.776645e-01,1.163373e-01,6.793935e-01
6.997996e+01,5.224328e-01,4.431194e-01,2.026109e-01,-5.568806e-01,7.931343e-02,7.594915e-01,4.827761e-01,-1.771349e-01,1.173509e-01,6.819159e-01
7.016032e+01,5.199267e-01,4.403714e-01,2.064359e-01,-5.596286e-01,7.955526e-02,7.660645e-01,4.801490e-01,-1.765963e-01,1.183734e-01,6.844401e-01
7.034068e+01,5.173964e-01,4.376048e-01,2.102979e-01,-5.623952e-01,7.979156e-02,7.726931e-01,4.775006e-01,-1.760486e-01,1.194046e-01,6.869663e-01
7.052104e+01,5.148417e-01,4.348195e-01,2.141971e-01,-5.651805e-01,8.002218e-02,7.793776e-01,4.748306e-01,-1.754917e-01,1.204447e-01,6.894945e-01
7.070140e+01,5.122623e-01,4.320153e-01,2.181341e-01,-5.679847e-01,8.024693e-02,7.861188e-01,4.721388e-01,-1.749253e-01,1.214938e-01,6.920246e-01
7.088176e+01,5.096578e-01,4.291922e-01,2.221092e-01,-5.708078e-01,8.046563e-02,7.929170e-01,4.694250e-01,-1.743493e-01,1.225520e-01,6.945569e-01
7.106212e+01,5.070281e-01,4.263500e-01,2.261230e-01,-5.736500e-01,8.067813e-02,7.997729e-01,4.666891e-01,-1.737635e-01,1.236193e-01,6.970914e-01
7.124248e+01,5.043729e-01,4.234886e-01,2.301757e-01,-5.765114e-01,8.088422e-02,8.066871e-01,4.639307e-01,-1.731678e-01,1.246960e-01,6.996281e-01
7.142285e+01,5.016917e-01,4.206080e-01,2.342680e-01,-5.793920e-01,8.108373e-02,8.136600e-01,4.611498e-01,-1.725620e-01,1.257819e-01,7.021671e-01
7.160321e+01,4.989844e-01,4.177079e-01,2.384002e-01,-5.822921e-01,8.127646e-02,8.206922e-01,4.583461e-01,-1.719460e-01,1.268773e-01,7.047084e-01
7.178357e+01,4.962506e-01,4.147883e-01,2.425728e-01,-5.852117e-01,8.146223e-02,8.277844e-01,4.555195e-01,-1.713194e-01,1.279823e-01,7.072522e-01
7.196393e+01,4.934900e-01,4.118492e-01,2.467862e-01,-5.881508e-01,8.164082e-02,8.349371e-01,4.526696e-01,-1.706823e-01,1.290969e-01,7.097984e-01
7.214429e+01,4.907023e-01,4.088902e-01,2.510411e-01,-5.911098e-01,8.181205e-02,8.421508e-01,4.497963e-01,-1.700343e-01,1.302212e-01,7.123473e-01
7.232465e+01,4.878872e-01,4.059115e-01,2.553378e-01,-5.940885e-01,8.197570e-02,8.494263e-01,4.468994e-01,-1.693754e-01,1.313554e-01,7.148988e-01
7.250501e+01,4.850444e-01,4.029128e-01,2.596768e-01,-5.970872e-01,8.213157e-02,8.567640e-01,4.439786e-01,-1.687052e-01,1.324996e-01,7.174530e-01
7.268537e+01,4.821735e-01,3.998941e-01,2.640586e-01,-6.001059e-01,8.227943e-02,8.641646e-01,4.410338e-01,-1.680237e-01,1.336537e-01,7.200100e-01
7.286573e+01,4.792742e-01,3.968551e-01,2.684838e-01,-6.031449e-01,8.241907e-02,8.716287e-01,4.380647e-01,-1.673305e-01,1.348181e-01,7.225699e-01
7.304609e+01,4.763462e-01,3.937959e-01,2.729528e-01,-6.062041e-01,8.255027e-02,8.791569e-01,4.350711e-01,-1.666256e-01,1.359926e-01,7.251328e-01
7.322645e+01,4.733891e-01,3.907163e-01,2.774662e-01,-6.092837e-01,8.267279e-02,8.867498e-01,4.320527e-01,-1.659087e-01,1.371776e-01,7.276987e-01
7.340681e+01,4.704026e-01,3.876162e-01,2.820244e-01,-6.123838e-01,8.278641e-02,8.944082e-01,4.290094e-01,-1.651797e-01,1.383730e-01,7.302677e-01
7.358717e+01,4.673864e-01,3.844955e-01,2.866281e-01,-6.155045e-01,8.289088e-02,9.021326e-01,4.259410e-01,-1.644382e-01,1.395790e-01,7.328400e-01
7.376754e+01,4.643400e-01,3.813541e-01,2.912778e-01,-6.186459e-01,8.298596e-02,9.099237e-01,4.228471e-01,-1.636841e-01,1.407957e-01,7.354156e-01
7.394790e+01,4.612632e-01,3.781918e-01,2.959740e-01,-6.218082e-01,8.307140e-02,9.177822e-01,4.197275e-01,-1.629171e-01,1.420232e-01,7.379946e-01
7.412826e+01,4.581555e-01,3.750086e-01,3.007172e-01,-6.249914e-01,8.314694e-02,9.257086e-01,4.165821e-01,-1.621371e-01,1.432616e-01,7.405771e-01
7.430862e+01,4.550166e-01,3.718043e-01,3.055081e-01,-6.281957e-01,8.321234e-02,9.337038e-01,4.134105e-01,-1.613438e-01,1.445110e-01,7.431632e-01
7.448898e+01,4.518462e-01,3.685788e-01,3.103472e-01,-6.314212e-01,8.326732e-02,9.417684e-01,4.102125e-01,-1.605370e-01,1.457716e-01,7.457529e-01
7.466934e+01,4.486437e-01,3.653321e-01,3.152351e-01,-6.346679e-01,8.331162e-02,9.499030e-01,4.069879e-01,-1.597164e-01,1.470434e-01,7.483465e-01
7.484970e+01,4.454089e-01,3.620639e-01,3.201724e-01,-6.379361e-01,8.334495e-02,9.581085e-01,4.037364e-01,-1.588818e-01,1.483267e-01,7.509440e-01
7.503006e+01,4.421413e-01,3.587743e-01,3.251597e-01,-6.412257e-01,8.336705e-02,9.663854e-01,4.004578e-01,-1.580330e-01,1.496214e-01,7.535454e-01
7.521042e+01,4.388406e-01,3.554630e-01,3.301976e-01,-6.445370e-01,8.337761e-02,9.747346e-01,3.971518e-01,-1.571697e-01,1.509278e-01,7.561510e-01
7.539078e+01,4.355063e-01,3.521300e-01,3.352867e-01,-6.478700e-01,8.337635e-02,9.831567e-01,3.938182e-01,-1.562917e-01,1.522460e-01,7.587608e-01
7.557114e+01,4.321381e-01,3.487751e-01,3.404276e-01,-6.512249e-01,8.336297e-02,9.916525e-01,3.904566e-01,-1.553986e-01,1.535760e-01,7.613749e-01
7.575150e+01,4.287355e-01,3.453983e-01,3.456211e-01,-6.546017e-01,8.333716e-02,1.000223e+00,3.870669e-01,-1.544903e-01,1.549181e-01,7.639934e-01
7.593186e+01,4.252980e-01,3.419994e-01,3.508676e-01,-6.580006e-01,8.329862e-02,1.008868e+00,3.836487e-01,-1.535665e-01,1.562723e-01,7.666165e-01
7.611222e+01,4.218254e-01,3.385783e-01,3.561680e-01,-6.614217e-01,8.324702e-02,1.017590e+00,3.802018e-01,-1.526269e-01,1.576388e-01,7.692442e-01
7.629259e+01,4.183170e-01,3.351350e-01,3.615228e-01,-6.648650e-01,8.318204e-02,1.026388e+00,3.767260e-01,-1.516711e-01,1.590177e-01,7.718768e-01
7.647295e+01,4.147725e-01,3.316692e-01,3.669327e-01,-6.683308e-01,8.310334e-02,1.035264e+00,3.732209e-01,-1.506991e-01,1.604092e-01,7.745143e-01
7.665331e+01,4.111915e-01,3.281809e-01,3.723984e-01,-6.718191e-01,8.301060e-02,1.044218e+00,3.696862e-01,-1.497103e-01,1.618134e-01,7.771568e-01
7.683367e+01,4.075734e-01,3.246699e-01,3.779207e-01,-6.753301e-01,8.290346e-02,1.053251e+00,3.661217e-01,-1.487047e-01,1.632304e-01,7.798044e-01
7.701403e+01,4.039178e-01,3.211363e-01,3.835002e-01,-6.788637e-01,8.278157e-02,1.062364e+00,3.625271e-01,-1.476818e-01,1.646604e-01,7.824574e-01
7.719439e+01,4.002243e-01,3.175797e-01,3.891376e-01,-6.824203e-01,8.264458e-02,1.071558e+00,3.589020e-01,-1.466413e-01,1.661035e-01,7.851158e-01
7.737475e+01,3.964923e-01,3.140002e-01,3.948337e-01,-6.859998e-01,8.249211e-02,1.080834e+00,3.552463e-01,-1.455830e-01,1.675598e-01,7.877798e-01
7.755511e+01,3.927214e-01,3.103976e-01,4.005893e-01,-6.896024e-01,8.232379e-02,1.090192e+00,3.515595e-01,-1.445065e-01,1.690296e-01,7.904495e-01
7.773547e+01,3.889111e-01,3.067719e-01,4.064050e-01,-6.932281e-01,8.213924e-02,1.099633e+00,3.478415e-01,-1.434116e-01,1.705130e-01,7.931250e-01
7.791583e+01,3.850609e-01,3.031228e-01,4.122816e-01,-6.968772e-01,8.193807e-02,1.109159e+00,3.440918e-01,-1.422978e-01,1.720101e-01,7.958065e-01
7.809619e+01,3.811702e-01,2.994503e-01,4.182200e-01,-7.005497e-01,8.171988e-02,1.118770e+00,3.403102e-01,-1.411649e-01,1.735210e-01,7.984941e-01
7.827655e+01,3.772385e-01,2.957543e-01,4.242208e-01,-7.042457e-01,8.148426e-02,1.128467e+00,3.364964e-01,-1.400124e-01,1.750460e-01,8.011881e-01
7.845691e+01,3.732654e-01,2.920346e-01,4.302850e-01,-7.079654e-01,8.123080e-02,1.138250e+00,3.326500e-01,-1.388402e-01,1.765853e-01,8.038884e-01
7.863727e+01,3.692503e-01,2.882912e-01,4.364133e-01,-7.117088e-01,8.095907e-02,1.148122e+00,3.287707e-01,-1.376477e-01,1.781388e-01,8.065954e-01
7.881764e+01,3.651926e-01,2.845239e-01,4.426066e-01,-7.154761e-01,8.066865e-02,1.158083e+00,3.248583e-01,-1.364348e-01,1.797069e-01,8.093091e-01
7.899800e+01,3.610918e-01,2.807327e-01,4.488656e-01,-7.192673e-01,8.035908e-02,1.168133e+00,3.209122e-01,-1.352008e-01,1.812898e-01,8.120298e-01
7.917836e+01,3.569473e-01,2.769174e-01,4.551913e-01,-7.230826e-01,8.002993e-02,1.178274e+00,3.169323e-01,-1.339456e-01,1.828874e-01,8.147575e-01
7.935872e+01,3.527586e-01,2.730779e-01,4.615846e-01,-7.269221e-01,7.968072e-02,1.188507e+00,3.129182e-01,-1.326688e-01,1.845002e-01,8.174924e-01
7.953908e+01,3.485251e-01,2.692141e-01,4.680462e-01,-7.307859e-01,7.931100e-02,1.198832e+00,3.088696e-01,-1.313699e-01,1.861281e-01,8.202348e-01
7.971944e+01,3.442461e-01,2.653258e-01,4.745771e-01,-7.346742e-01,7.892027e-02,1.209251e+00,3.047860e-01,-1.300485e-01,1.877715e-01,8.229848e-01
7.989980e+01,3.399212e-01,2.614131e-01,4.811783e-01,-7.385869e-01,7.850806e-02,1.219765e+00,3.006671e-01,-1.287043e-01,1.894304e-01,8.257425e-01
8.008016e+01,3.355496e-01,2.574758e-01,4.878506e-01,-7.425242e-01,7.807386e-02,1.230375e+00,2.965127e-01,-1.273368e-01,1.911051e-01,8.285082e-01
8.026052e+01,3.311308e-01,2.535137e-01,4.945950e-01,-7.464863e-01,7.761716e-02,1.241081e+00,2.923222e-01,-1.259457e-01,1.927958e-01,8.312820e-01
8.044088e+01,3.266642e-01,2.495267e-01,5.014125e-01,-7.504733e-01,7.713745e-02,1.251886e+00,2.880954e-01,-1.245304e-01,1.945026e-01,8.340642e-01
8.062124e+01,3.221490e-01,2.455148e-01,5.083040e-01,-7.544852e-01,7.663418e-02,1.262789e+00,2.838319e-01,-1.230906e-01,1.962258e-01,8.368549e-01
8.080160e+01,3.175847e-01,2.414779e-01,5.152705e-01,-7.585221e-01,7.610682e-02,1.273793e+00,2.795313e-01,-1.216258e-01,1.979655e-01,8.396542e-01
8.098196e+01,3.129706e-01,2.374157e-01,5.223130e-01,-7.625843e-01,7.555482e-02,1.284897e+00,2.751931e-01,-1.201356e-01,1.997220e-01,8.424625e-01
8.116232e+01,3.083059e-01,2.333283e-01,5.294326e-01,-7.666717e-01,7.497761e-02,1.296104e+00,2.708171e-01,-1.186195e-01,2.014954e-01,8.452799e-01
8.134269e+01,3.035902e-01,2.292156e-01,5.366303e-01,-7.707844e-01,7.437461e-02,1.307415e+00,2.664029e-01,-1.170771e-01,2.032859e-01,8.481066e-01
8.152305e+01,2.988225e-01,2.250773e-01,5.439072e-01,-7.749227e-01,7.374523e-02,1.318830e+00,2.619499e-01,-1.155078e-01,2.050939e-01,8.509429e-01
8.170341e+01,2.940023e-01,2.209134e-01,5.512643e-01,-7.790866e-01,7.308887e-02,1.330351e+00,2.574579e-01,-1.139111e-01,2.069194e-01,8.537889e-01
8.188377e+01,2.891288e-01,2.167239e-01,5.587027e-01,-7.832761e-01,7.240493e-02,1.341979e+00,2.529263e-01,-1.122867e-01,2.087627e-01,8.566448e-01
8.206413e+01,2.842013e-01,2.125085e-01,5.662236e-01,-7.874915e-01,7.169276e-02,1.353715e+00,2.483549e-01,-1.106339e-01,2.106241e-01,8.595109e-01
8.224449e+01,2.792190e-01,2.082672e-01,5.738281e-01,-7.917328e-01,7.095173e-02,1.365561e+00,2.437431e-01,-1.089523e-01,2.125037e-01,8.623875e-01
8.242485e+01,2.741811e-01,2.039999e-01,5.815173e-01,-7.960001e-01,7.018119e-02,1.377517e+00,2.390905e-01,-1.072414e-01,2.144017e-01,8.652747e-01
8.260521e+01,2.690870e-01,1.997065e-01,5.892925e-01,-8.002935e-01,6.938047e-02,1.389586e+00,2.343968e-01,-1.055005e-01,2.163185e-01,8.681728e-01
8.278557e+01,2.639358e-01,1.953869e-01,5.971548e-01,-8.046131e-01,6.854888e-02,1.401768e+00,2.296614e-01,-1.037291e-01,2.182543e-01,8.710820e-01
8.296593e+01,2.587267e-01,1.910410e-01,6.051054e-01,-8.089590e-01,6.768574e-02,1.414064e+00,2.248839e-01,-1.019268e-01,2.202092e-01,8.740025e-01
8.314629e+01,2.534590e-01,1.866686e-01,6.131456e-01,-8.133314e-01,6.679032e-02,1.426477e+00,2.200638e-01,-1.000929e-01,2.221836e-01,8.769347e-01
8.332665e+01,2.481317e-01,1.822697e-01,6.212767e-01,-8.177303e-01,6.586191e-02,1.439007e+00,2.152007e-01,-9.822680e-02,2.241777e-01,8.798787e-01
8.350701e+01,2.427440e-01,1.778442e-01,6.294998e-01,-8.221558e-01,6.489977e-02,1.451656e+00,2.102941e-01,-9.632797e-02,2.261918e-01,8.828349e-01
8.368737e+01,2.372951e-01,1.733920e-01,6.378165e-01,-8.266080e-01,6.390313e-02,1.464424e+00,2.053436e-01,-9.439578e-02,2.282260e-01,8.858035e-01
8.386774e+01,2.317842e-01,1.689129e-01,6.462278e-01,-8.310871e-01,6.287123e-02,1.477315e+00,2.003485e-01,-9.242961e-02,2.302808e-01,8.887847e-01
8.404810e+01,2.262102e-01,1.644069e-01,6.547354e-01,-8.355931e-01,6.180327e-02,1.490328e+00,1.953086e-01,-9.042885e-02,2.323563e-01,8.917788e-01
8.422846e+01,2.205724e-01,1.598739e-01,6.633404e-01,-8.401261e-01,6.069844e-02,1.503466e+00,1.902232e-01,-8.839284e-02,2.344528e-01,8.947862e-01
8.440882e+01,2.148697e-01,1.553138e-01,6.720443e-01,-8.446862e-01,5.955593e-02,1.516731e+00,1.850918e-01,-8.632094e-02,2.365706e-01,8.978071e-01
8.458918e+01,2.091014e-01,1.507265e-01,6.808486e-01,-8.492735e-01,5.837490e-02,1.530122e+00,1.799139e-01,-8.421247e-02,2.387100e-01,9.008418e-01
8.476954e+01,2.032663e-01,1.461118e-01,6.897547e-01,-8.538882e-01,5.715447e-02,1.543643e+00,1.746890e-01,-8.206676e-02,2.408713e-01,9.038905e-01
8.494990e+01,1.973635e-01,1.414697e-01,6.987641e-01,-8.585303e-01,5.589378e-02,1.557294e+00,1.694166e-01,-7.988310e-02,2.430547e-01,9.069537e-01
8.513026e+01,1.913921e-01,1.368002e-01,7.078782e-01,-8.631998e-01,5.459193e-02,1.571078e+00,1.640961e-01,-7.766079e-02,2.452607e-01,9.100315e-01
8.531062e+01,1.853510e-01,1.321030e-01,7.170988e-01,-8.678970e-01,5.324800e-02,1.584996e+00,1.587270e-01,-7.539911e-02,2.474894e-01,9.131244e-01
8.549098e+01,1.792392e-01,1.273781e-01,7.264272e-01,-8.726219e-01,5.186105e-02,1.599049e+00,1.533087e-01,-7.309732e-02,2.497412e-01,9.162325e-01
8.567134e+01,1.730556e-01,1.226255e-01,7.358652e-01,-8.773745e-01,5.043014e-02,1.613240e+00,1.478405e-01,-7.075465e-02,2.520164e-01,9.193564e-01
8.585170e+01,1.667992e-01,1.178450e-01,7.454143e-01,-8.821550e-01,4.895427e-02,1.627569e+00,1.423221e-01,-6.837035e-02,2.543154e-01,9.224962e-01
8.603206e+01,1.604689e-01,1.130365e-01,7.550763e-01,-8.869635e-01,4.743246e-02,1.642040e+00,1.367527e-01,-6.594363e-02,2.566384e-01,9.256524e-01
8.621242e+01,1.540636e-01,1.081999e-01,7.648527e-01,-8.918001e-01,4.586369e-02,1.656653e+00,1.311317e-01,-6.347368e-02,2.589859e-01,9.288252e-01
8.639279e+01,1.475821e-01,1.033352e-01,7.747454e-01,-8.966648e-01,4.424690e-02,1.671410e+00,1.254587e-01,-6.095968e-02,2.613581e-01,9.320151e-01
8.657315e+01,1.410233e-01,9.844226e-02,7.847561e-01,-9.015577e-01,4.258103e-02,1.686314e+00,1.197328e-01,-5.840080e-02,2.637555e-01,9.352223e-01
8.675351e+01,1.343860e-01,9.352100e-02,7.948866e-01,-9.064790e-01,4.086501e-02,1.701366e+00,1.139535e-01,-5.579618e-02,2.661783e-01,9.384474e-01
8.693387e+01,1.276690e-01,8.857132e-02,8.051388e-01,-9.114287e-01,3.909770e-02,1.716567e+00,1.081202e-01,-5.314495e-02,2.686269e-01,9.416905e-01
8.711423e+01,1.208711e-01,8.359315e-02,8.155144e-01,-9.164068e-01,3.727798e-02,1.731921e+00,1.022321e-01,-5.044623e-02,2.711017e-01,9.449521e-01
8.729459e+01,1.139911e-01,7.858639e-02,8.260154e-01,-9.214136e-01,3.540468e-02,1.747429e+00,9.628873e-02,-4.769909e-02,2.736032e-01,9.482327e-01
8.747495e+01,1.070276e-01,7.355097e-02,8.366438e-01,-9.264490e-01,3.347661e-02,1.763093e+00,9.028927e-02,-4.490261e-02,2.761316e-01,9.515326e-01
8.765531e+01,9.997936e-02,6.848679e-02,8.474015e-01,-9.315132e-01,3.149256e-02,1.778915e+00,8.423307e-02,-4.205585e-02,2.786874e-01,9.548521e-01
8.783567e+01,9.284507e-02,6.339378e-02,8.582906e-01,-9.366062e-01,2.945129e-02,1.794897e+00,7.811943e-02,-3.915783e-02,2.812709e-01,9.581918e-01
8.801603e+01,8.562338e-02,5.827186e-02,8.693130e-01,-9.417281e-01,2.735152e-02,1.811041e+00,7.194762e-02,-3.620755e-02,2.838827e-01,9.615520e-01
8.819639e+01,7.831290e-02,5.312094e-02,8.804710e-01,-9.468791e-01,2.519196e-02,1.827350e+00,6.571692e-02,-3.320402e-02,2.865230e-01,9.649332e-01
8.837675e+01,7.091222e-02,4.794094e-02,8.917667e-01,-9.520591e-01,2.297128e-02,1.843826e+00,5.942658e-02,-3.014619e-02,2.891925e-01,9.683358e-01
8.855711e+01,6.341990e-02,4.273179e-02,9.032022e-01,-9.572682e-01,2.068811e-02,1.860470e+00,5.307585e-02,-2.703300e-02,2.918914e-01,9.717603e-01
8.873747e+01,5.583449e-02,3.749341e-02,9.147798e-01,-9.625066e-01,1.834108e-02,1.877286e+00,4.666395e-02,-2.386339e-02,2.946202e-01,9.752070e-01
8.891784e+01,4.815448e-02,3.222572e-02,9.265018e-01,-9.677743e-01,1.592876e-02,1.894276e+00,4.019010e-02,-2.063623e-02,2.973795e-01,9.786766e-01
8.909820e+01,4.037834e-02,2.692865e-02,9.383705e-01,-9.730713e-01,1.344969e-02,1.911442e+00,3.365350e-02,-1.735041e-02,3.001696e-01,9.821694e-01
8.927856e+01,3.250452e-02,2.160212e-02,9.503883e-01,-9.783979e-01,1.090240e-02,1.928786e+00,2.705332e-02,-1.400477e-02,3.029910e-01,9.856860e-01
8.945892e+01,2.453142e-02,1.624607e-02,9.625577e-01,-9.837539e-01,8.285358e-03,1.946312e+00,2.038875e-02,-1.059812e-02,3.058443e-01,9.892269e-01
8.963928e+01,1.645742e-02,1.086041e-02,9.748810e-01,-9.891396e-01,5.597010e-03,1.964021e+00,1.365891e-02,-7.129275e-03,3.087299e-01,9.927924e-01
8.981964e+01,8.280842e-03,5.445075e-03,9.873610e-01,-9.945549e-01,2.835767e-03,1.981916e+00,6.862958e-03,-3.596987e-03,3.116484e-01,9.963833e-01
9.000000e+01,1.621032e-16,1.062066e-16,1.000000e+00,-1.000000e+00,5.589656e-17,2.000000e+00,1.341549e-16,0.000000e+00,3.146002e-01,1.000000e+00
